sp|O22781|SUVH2_ARATH,MSTLLPFPDLNLMPDSQSSTAGTTAGDTVVTGKLEVKSEPIEEWQTPPSSTSDQSANTDLIAEFIRISELFRSAFKPLQVKGLDGVSVYGLDSGAIVAVPEKENRELIEPPPGFKDNRVSTVVVSPKFERPRELARIAILGHEQRKELRQVMKRTRMTYESLRIHLMAESMKNHVLGQGRRRRSDMAAAYIMRDRGLWLNYDKHIVGPVTGVEVGDIFFYRMELCVLGLHGQTQAGIDCLTAERSATGEPIATSIVVSGGYEDDEDTGDVLVYTGHGGQDHQHKQCDNQRLVGGNLGMERSMHYGIEVRVIRGIKYENSISSKVYVYDGLYKIVDWWFAVGKSGFGVFKFRLVRIEGQPMMGSAVMRFAQTLRNKPSMVRPTGYVSFDLSNKKENVPVFLYNDVDGDQEPRHYEYIAKAVFPPGIFGQGGISRTGCECKLSCTDDCLCARKNGGEFAYDDNGHLLKGKHVVFECGEFCTCGPSCKSRVTQKGLRNRLEVFRSKETGWGVRTLDLIEAGAFICEYAGVVVTRLQAEILSMNGDVMVYPGRFTDQWRNWGDLSQVYPDFVRPNYPSLPPLDFSMDVSRMRNVACYISHSKEPNVMVQFVLHDHNHLMFPRVMLFALENISPLAELSLDYGLADEVNGKLAICN
sp|O95050|INMT_HUMAN,MKGGFTGGDEYQKHFLPRDYLATYYSFDGSPSPEAEMLKFNLECLHKTFGPGGLQGDTLIDIGSGPTIYQVLAACDSFQDITLSDFTDRNREELEKWLKKEPGAYDWTPAVKFACELEGNSGRWEEKEEKLRAAVKRVLKCDVHLGNPLAPAVLPLADCVLTLLAMECACCSLDAYRAALCNLASLLKPGGHLVTTVTLRLPSYMVGKREFSCVALEKEEVEQAVLDAGFDIEQLLHSPQSYSVTNAANNGVCFIVARKKPGP
sp|P10937|PNMT_RAT,MDRGSDPKHTAGMDSDSDPGQAEVALAYQRFEPRAYLRNNYAPPRGDLSNPDGVGPWKLRCMAQVFATGEVSGQVLIDIGSGPTIYQLLSACAHFEDITMTDFLEVNRQELGLWLREEPGAFDWSVYSQHVCLIEDKGESWQEKERQLRARVKRVLPIDVHKPQPLGASGLAPLPADALVSAFCLEAVSPDLPSFRQALYHITTLLRPGGNLLFIGALEESWYLAGEARLSVVPVSEEEVREALVCSGYEVRDLRTYIMPAHLRTGVDDVKGIFFAWAQKIEVQV
sp|P21964|COMT_HUMAN,MPEAPPLLLAAVLLGLVLLVVLLLLLRHWGWGLCLIGWNEFILQPIHNLLMGDTKEQRILNHVLQHAEPGNAQSVLEAIDTYCEQKEWAMNVGDKKGKIVDAVIQEHQPSVLLELGAYCGYSAVRMARLLSPGARLITIEINPDCAAITQRMVDFAGVKDKVTLVVGASQDIIPQLKKKYDVDTLDMVFLDHWKDRYLPDTLLLEECGLLRKGTVLLADNVICPGAPDFLAHVRGSSCFECTHYQSFLEYREVVDGLEKAIYKGPGSEAGP
sp|P22061|PIMT_HUMAN,MAWKSGGASHSELIHNLRKNGIIKTDKVFEVMLATDRSHYAKCNPYMDSPQSIGFQATISAPHMHAYALELLFDQLHEGAKALDVGSGSGILTACFARMVGCTGKVIGIDHIKELVDDSVNNVRKDDPTLLSSGRVQLVVGDGRMGYAEEAPYDAIHVGAAAPVVPQALIDQLKPGGRLILPVGPAGGNQMLEQYDKLQDGSIKMKPLMGVIYVPLTDKEKQWSRWK
sp|P36979|RLMN_ECOLI,MSEQLVTPENVTTKDGKINLLDLNRQQMREFFKDLGEKPFRADQVMKWMYHYCCDNFDEMTDINKVLRGKLKEVAEIRAPEVVEEQRSSDGTIKWAIAVGDQRVETVYIPEDDRATLCVSSQVGCALECKFCSTAQQGFNRNLRVSEIIGQVWRAAKIVGAAKVTGQRPITNVVMMGMGEPLLNLNNVVPAMEIMLDDFGFGLSKRRVTLSTSGVVPALDKLGDMIDVALAISLHAPNDEIRDEIVPINKKYNIETFLAAVRRYLEKSNANQGRVTIEYVMLDHVNDGTEHAHQLAELLKDTPCKINLIPWNPFPGAPYGRSSNSRIDRFSKVLMSYGFTTIVRKTRGDDIDAACGQLAGDVIDRTKRTLRKRMQGEAIDIKAV
sp|P46959|TRM61_YEAST,MSTNCFSGYKDLIKEGDLTLIWVSRDNIKPVRMHSEEVFNTRYGSFPHKDIIGKPYGSQIAIRTKGSNKFAFVHVLQPTPELWTLSLPHRTQIVYTPDSSYIMQRLNCSPHSRVIEAGTGSGSFSHAFARSVGHLFSFEFHHIRYEQALEEFKEHGLIDDNVTITHRDVCQGGFLIKKGDTTSYEFGNNETAASLNANVVFLDLPAPWDAIPHLDSVISVDEKVGLCCFSPCIEQVDKTLDVLEKYGWTDVEMVEIQGRQYESRRQMVRSLNDALERLRDIKRHKLQGVERRKRMFNNTIDSNDEKVGKRNEDGVPLTEKAKFNPFGKGSRIKEGDSNYKWKEVTKMEAEIKSHTSYLTFAFKVVNRSRDDEKVNEILRSTEK
sp|P51580|TPMT_HUMAN,MDGTRTSLDIEEYSDTEVQKNQVLTLEEWQDKWVNGKTAFHQEQGHQLLKKHLDTFLKGKSGLRVFFPLCGKAVEMKWFADRGHSVVGVEISELGIQEFFTEQNLSYSEEPITEIPGTKVFKSSSGNISLYCCSIFDLPRTNIGKFDMIWDRGALVAINPGDRKCYADTMFSLLGKKFQYLLCVLSYDPTKHPGPPFYVPHAEIERLFGKICNIRCLEKVDAFEERHKSWGIDCLFEKLYLLTEK
sp|P55345|ANM2_HUMAN,MATSGDCPRSESQGEEPAECSEAGLLQEGVQPEEFVAIADYAATDETQLSFLRGEKILILRQTTADWWWGERAGCCGYIPANHVGKHVDEYDPEDTWQDEEYFGSYGTLKLHLEMLADQPRTTKYHSVILQNKESLTDKVILDVGCGTGIISLFCAHYARPRAVYAVEASEMAQHTGQLVLQNGFADIITVYQQKVEDVVLPEKVDVLVSEWMGTCLLFEFMIESILYARDAWLKEDGVIWPTMAALHLVPCSADKDYRSKVLFWDNAYEFNLSALKSLAVKEFFSKPKYNHILKPEDCLSEPCTILQLDMRTVQISDLETLRGELRFDIRKAGTLHGFTAWFSVHFQSLQEGQPPQVLSTGPFHPTTHWKQTLFMMDDPVPVHTGDVVTGSVVLQRNPVWRRHMSVALSWAVTSRQDPTSQKVGEKVFPIWR
sp|P9WJ63|TLYA_MYCTU,MARRARVDAELVRRGLARSRQQAAELIGAGKVRIDGLPAVKPATAVSDTTALTVVTDSERAWVSRGAHKLVGALEAFAIAVAGRRCLDAGASTGGFTEVLLDRGAAHVVAADVGYGQLAWSLRNDPRVVVLERTNARGLTPEAIGGRVDLVVADLSFISLATVLPALVGCASRDADIVPLVKPQFEVGKGQVGPGGVVHDPQLRARSVLAVARRAQELGWHSVGVKASPLPGPSGNVEYFLWLRTQTDRALSAKGLEDAVHRAISEGP
sp|Q14353|GAMT_HUMAN,MSAPSATPIFAPGENCSPAWGAAPAAYDAADTHLRILGKPVMERWETPYMHALAAAASSKGGRVLEVGFGMAIAASKVQEAPIDEHWIIECNDGVFQRLRDWAPRQTHKVIPLKGLWEDVAPTLPDGHFDGILYDTYPLSEETWHTHQFNFIKNHAFRLLKPGGVLTYCNLTSWGELMKSKYSDITIMFEETQVPALLEAGFRRENIRTEVMALVPPADCRYYAFPQMITPLVTKG
sp|Q14749|GNMT_HUMAN,MVDSVYRTRSLGVAAEGLPDQYADGEAARVWQLYIGDTRSRTAEYKAWLLGLLRQHGCQRVLDVACGTGVDSIMLVEEGFSVTSVDASDKMLKYALKERWNRRHEPAFDKWVIEEANWMTLDKDVPQSAEGGFDAVICLGNSFAHLPDCKGDQSEHRLALKNIASMVRAGGLLVIDHRNYDHILSTGCAPPGKNIYYKSDLTKDVTTSVLIVNNKAHMVTLDYTVQVPGAGQDGSPGLSKFRLSYYPHCLASFTELLQAAFGGKCQHSVLGDFKPYKPGQTYIPCYFIHVLKRTD
sp|Q15910|EZH2_HUMAN,MGQTGKKSEKGPVCWRKRVKSEYMRLRQLKRFRRADEVKSMFSSNRQKILERTEILNQEWKQRRIQPVHILTSVSSLRGTRECSVTSDLDFPTQVIPLKTLNAVASVPIMYSWSPLQQNFMVEDETVLHNIPYMGDEVLDQDGTFIEELIKNYDGKVHGDRECGFINDEIFVELVNALGQYNDDDDDDDGDDPEEREEKQKDLEDHRDDKESRPPRKFPSDKIFEAISSMFPDKGTAEELKEKYKELTEQQLPGALPPECTPNIDGPNAKSVQREQSLHSFHTLFCRRCFKYDCFLHPFHATPNTYKRKNTETALDNKPCGPQCYQHLEGAKEFAAALTAERIKTPPKRPGGRRRGRLPNNSSRPSTPTINVLESKDTDSDREAGTETGGENNDKEEEEKKDETSSSSEANSRCQTPIKMKPNIEPPENVEWSGAEASMFRVLIGTYYDNFCAIARLIGTKTCRQVYEFRVKESSIIAPAPAEDVDTPPRKKKRKHRLWAAHCRKIQLKKDGSSNHVYNYQPCDHPRQPCDSSCPCVIAQNFCEKFCQCSSECQNRFPGCRCKAQCNTKQCPCYLAVRECDPDLCLTCGAADHWDSKNVSCKNCSIQRGSKKHLLLAPSDVAGWGIFIKDPVQKNEFISEYCGEIISQDEADRRGKVYDKYMCSFLFNLNNDFVVDATRKGNKIRFANHSVNPNCYAKVMMVNGDHRIGIFAKRAIQTGEELFFDYRYSQADALKYVGIEREMEIP
sp|Q6P1Q9|MET2B_HUMAN,MAGSYPEGAPAILADKRQQFGSRFLSDPARVFHHNAWDNVEWSEEQAAAAERKVQENSIQRVCQEKQVDYEINAHKYWNDFYKIHENGFFKDRHWLFTEFPELAPSQNQNHLKDWFLENKSEVCECRNNEDGPGLIMEEQHKCSSKSLEHKTQTPPVEENVTQKISDLEICADEFPGSSATYRILEVGCGVGNTVFPILQTNNDPGLFVYCCDFSSTAIELVQTNSEYDPSRCFAFVHDLCDEEKSYPVPKGSLDIIILIFVLSAVVPDKMQKAINRLSRLLKPGGMVLLRDYGRYDMAQLRFKKGQCLSGNFYVRGDGTRVYFFTQEELDTLFTTAGLEKVQNLVDRRLQVNRGKQLTMYRVWIQCKYCKPLLSSTS
sp|Q7Z4G4|TRM11_HUMAN,MALSCTLNRYLLLMAQEHLEFRLPEIKSLLLLFGGQFASSQETYGKSPFWILSIPSEDIARNLMKRTVCAKSIFELWGHGQSPEELYSSLKNYPVEKMVPFLHSDSTYKIKIHTFNKTLTQEEKIKRIDALEFLPFEGKVNLKKPQHVFSVLEDYGLDPNCIPENPHNIYFGRWIADGQRELIESYSVKKRHFIGNTSMDAGLSFIMANHGKVKENDIVFDPFVGTGGLLIACAHFGAYVYGTDIDYNTVHGLGKATRKNQKWRGPDENIRANLRQYGLEKYYLDVLVSDASKPSWRKGTYFDAIITDPPYGIRESTRRTGSQKEIPKGIEKWEKCPESHVPVSLSYHLSDMFLDLLNFAAETLVLGGRLVYWLPVYTPEYTEEMVPWHPCLELVSNCEQKLSSHTSRRLITMEKVKKFENRDQYSHLLSDHFLPYQGHNSFREKYFSGVTKRIAKEEKSTQE
sp|Q86XA0|MET23_HUMAN,MYVWPCAVVLAQYLWFHRRSLPGKAILEIGAGVSLPGILAAKCGAEVILSDSSELPHCLEVCRQSCQMNNLPHLQVVGLTWGHISWDLLALPPQDIILASDVFFEPEDFEDILATIYFLMHKNPKVQLWSTYQVRSADWSLEALLYKWDMKCVHIPLESFDADKEDIAESTLPGRHTVEMLVISFAKDSL
sp|Q9BV44|THUM3_HUMAN,MCDIEEATNQLLDVNLHENQKSVQVTESDLGSESELLVTIGATVPTGFEQTAADEVREKLGSSCKISRDRGKIYFVISVESLAQVHCLRSVDNLFVVVQEFQDYQFKQTKEEVLKDFEDLAGKLPWSNPLKVWKINASFKKKKAKRKKINQNSSKEKINNGQEVKIDQRNVKKEFTSHALDSHILDYYENPAIKEDVSTLIGDDLASCKDETDESSKEETEPQVLKFRVTCNRAGEKHCFTSNEAARDFGGAVQDYFKWKADMTNFDVEVLLNIHDNEVIVGIALTEESLHRRNITHFGPTTLRSTLAYGMLRLCDPLPYDIIVDPMCGTGAIPIEGATEWSDCFHIAGDNNPLAVNRAANNIASLLTKSQIKEGKPSWGLPIDAVQWDICNLPLRTGSVDIIVTDLPFGKRMGSKKRNWNLYPACLREMSRVCTPTTGRAVLLTQDTKCFTKALSGMRHVWRKVDTVWVNVGGLRAAVYVLIRTPQAFVHPSEQDGERGTLWQCKE
sp|Q9KJ21|SDMT_HALHR,MATRYDDQAIETARQYYNSEDADNFYAIIWGGEDIHIGLYNDDEEPIADASRRTVERMSSLSRQLGPDSYVLDMGAGYGGSARYLAHKYGCKVAALNLSERENERDRQMNKEQGVDHLIEVVDAAFEDVPYDDGVFDLVWSQDSFLHSPDRERVLREASRVLRSGGEFIFTDPMQADDCPEGVIQPILDRIHLETMGTPNFYRQTLRDLGFEEITFEDHTHQLPRHYGRVRRELDRREGELQGHVSAEYIERMKNGLDHWVNGGNKGYLTWGIFYFRKG
sp|Q9NR22|ANM8_HUMAN,MGMKHSSRCLLLRRKMAENAAESTEVNSPPSQPPQPVVPAKPVQCVHHVSTQPSCPGRGKMSKLLNPEEMTSRDYYFDSYAHFGIHEEMLKDEVRTLTYRNSMYHNKHVFKDKVVLDVGSGTGILSMFAAKAGAKKVFGIECSSISDYSEKIIKANHLDNIITIFKGKVEEVELPVEKVDIIISEWMGYCLFYESMLNTVIFARDKWLKPGGLMFPDRAALYVVAIEDRQYKDFKIHWWENVYGFDMTCIRDVAMKEPLVDIVDPKQVVTNACLIKEVDIYTVKTEELSFTSAFCLQIQRNDYVHALVTYFNIEFTKCHKKMGFSTAPDAPYTHWKQTVFYLEDYLTVRRGEEIYGTISMKPNAKNVRDLDFTVDLDFKGQLCETSVSNDYKMR
sp|Q9UBL3|ASH2L_HUMAN,MAAAGAGPGQEAGAGPGPGAVANATGAEEGEMKPVAAGAAAPPGEGISAAPTVEPSSGEAEGGEANLVDVSGGLETESSNGKDTLEGAGDTSEVMDTQAGSVDEENGRQLGEVELQCGICTKWFTADTFGIDTSSCLPFMTNYSFHCNVCHHSGNTYFLRKQANLKEMCLSALANLTWQSRTQDEHPKTMFSKDKDIIPFIDKYWECMTTRQRPGKMTWPNNIVKTMSKERDVFLVKEHPDPGSKDPEEDYPKFGLLDQDLSNIGPAYDNQKQSSAVSTSGNLNGGIAAGSSGKGRGAKRKQQDGGTTGTTKKARSDPLFSAQRLPPHGYPLEHPFNKDGYRYILAEPDPHAPDPEKLELDCWAGKPIPGDLYRACLYERVLLALHDRAPQLKISDDRLTVVGEKGYSMVRASHGVRKGAWYFEITVDEMPPDTAARLGWSQPLGNLQAPLGYDKFSYSWRSKKGTKFHQSIGKHYSSGYGQGDVLGFYINLPEDTETAKSLPDTYKDKALIKFKSYLYFEEKDFVDKAEKSLKQTPHSEIIFYKNGVNQGVAYKDIFEGVYFPAISLYKSCTVSINFGPCFKYPPKDLTYRPMSDMGWGAVVEHTLADVLYHVETEVDGRRSPPWEP
sp|Q9UBP6|TRMB_HUMAN,MAAETRNVAGAEAPPPQKRYYRQRAHSNPMADHTLRYPVKPEEMDWSELYPEFFAPLTQNQSHDDPKDKKEKRAQAQVEFADIGCGYGGLLVELSPLFPDTLILGLEIRVKVSDYVQDRIRALRAAPAGGFQNIACLRSNAMKHLPNFFYKGQLTKMFFLFPDPHFKRTKHKWRIISPTLLAEYAYVLRVGGLVYTITDVLELHDWMCTHFEEHPLFERVPLEDLSEDPVVGHLGTSTEEGKKVLRNGGKNFPAIFRRIQDPVLQAVTSQTSLPGH
sp|Q9UMN6|KMT2B_HUMAN,MAAAAGGGSCPGPGSARGRFPGRPRGAGGGGGRGGRGNGAERVRVALRRGGGATGPGGAEPGEDTALLRLLGLRRGLRRLRRLWAGPRVQRGRGRGRGRGWGPSRGCVPEEESSDGESDEEEFQGFHSDEDVAPSSLRSALRSQRGRAPRGRGRKHKTTPLPPPRLADVAPTPPKTPARKRGEEGTERMVQALTELLRRAQAPQAPRSRACEPSTPRRSRGRPPGRPAGPCRRKQQAVVVAEAAVTIPKPEPPPPVVPVKHQTGSWKCKEGPGPGPGTPRRGGQSSRGGRGGRGRGRGGGLPFVIKFVSRAKKVKMGQLSLGLESGQGQGQHEESWQDVPQRRVGSGQGGSPCWKKQEQKLDDEEEEKKEEEEKDKEGEEKEERAVAEEMMPAAEKEEAKLPPPPLTPPAPSPPPPLPPPSTSPPPPLCPPPPPPVSPPPLPSPPPPPAQEEQEESPPPVVPATCSRKRGRPPLTPSQRAEREAARAGPEGTSPPTPTPSTATGGPPEDSPTVAPKSTTFLKNIRQFIMPVVSARSSRVIKTPRRFMDEDPPKPPKVEVSPVLRPPITTSPPVPQEPAPVPSPPRAPTPPSTPVPLPEKRRSILREPTFRWTSLTRELPPPPPAPPPPPAPSPPPAPATSSRRPLLLRAPQFTPSEAHLKIYESVLTPPPLGAPEAPEPEPPPADDSPAEPEPRAVGRTNHLSLPRFAPVVTTPVKAEVSPHGAPALSNGPQTQAQLLQPLQALQTQLLPQALPPPQPQLQPPPSPQQMPPLEKARIAGVGSLPLSGVEEKMFSLLKRAKVQLFKIDQQQQQKVAASMPLSPGGQMEEVAGAVKQISDRGPVRSEDESVEAKRERPSGPESPVQGPRIKHVCRHAAVALGQARAMVPEDVPRLSALPLRDRQDLATEDTSSASETESVPSRSRRGKVEAAGPGGESEPTGSGGTLAHTPRRSLPSHHGKKMRMARCGHCRGCLRVQDCGSCVNCLDKPKFGGPNTKKQCCVYRKCDKIEARKMERLAKKGRTIVKTLLPWDSDESPEASPGPPGPRRGAGAGGPREEVVAHPGPEEQDSLLQRKSARRCVKQRPSYDIFEDSDDSEPGGPPAPRRRTPRENELPLPEPEEQSRPRKPTLQPVLQLKARRRLDKDALAPGPFASFPNGWTGKQKSPDGVHRVRVDFKEDCDLENVWLMGGLSVLTSVPGGPPMVCLLCASKGLHELVFCQVCCDPFHPFCLEEAERPLPQHHDTWCCRRCKFCHVCGRKGRGSKHLLECERCRHAYHPACLGPSYPTRATRKRRHWICSACVRCKSCGATPGKNWDVEWSGDYSLCPRCTQLYEKGNYCPICTRCYEDNDYESKMMQCAQCDHWVHAKCEGLSDEDYEILSGLPDSVLYTCGPCAGAAQPRWREALSGALQGGLRQVLQGLLSSKVVGPLLLCTQCGPDGKQLHPGPCGLQAVSQRFEDGHYKSVHSFMEDMVGILMRHSEEGETPDRRAGGQMKGLLLKLLESAFGWFDAHDPKYWRRSTRLPNGVLPNAVLPPSLDHVYAQWRQQEPETPESGQPPGDPSAAFQGKDPAAFSHLEDPRQCALCLKYGDADSKEAGRLLYIGQNEWTHVNCAIWSAEVFEENDGSLKNVHAAVARGRQMRCELCLKPGATVGCCLSSCLSNFHFMCARASYCIFQDDKKVFCQKHTDLLDGKEIVNPDGFDVLRRVYVDFEGINFKRKFLTGLEPDAINVLIGSIRIDSLGTLSDLSDCEGRLFPIGYQCSRLYWSTVDARRRCWYRCRILEYRPWGPREEPAHLEAAEENQTIVHSPAPSSEPPGGEDPPLDTDVLVPGAPERHSPIQNLDPPLRPDSGSAPPPAPRSFSGARIKVPNYSPSRRPLGGVSFGPLPSPGSPSSLTHHIPTVGDPDFPAPPRRSRRPSPLAPRPPPSRWASPPLKTSPQLRVPPPTSVVTALTPTSGELAPPGPAPSPPPPEDLGPDFEDMEVVSGLSAADLDFAASLLGTEPFQEEIVAAGAMGSSHGGPGDSSEEESSPTSRYIHFPVTVVSAPGLAPSATPGAPRIEQLDGVDDGTDSEAEAVQQPRGQGTPPSGPGVVRAGVLGAAGDRARPPEDLPSEIVDFVLKNLGGPGDGGAGPREESLPPAPPLANGSQPSQGLTASPADPTRTFAWLPGAPGVRVLSLGPAPEPPKPATSKIILVNKLGQVFVKMAGEGEPVPPPVKQPPLPPTISPTAPTSWTLPPGPLLGVLPVVGVVRPAPPPPPPPLTLVLSSGPASPPRQAIRVKRVSTFSGRSPPAPPPYKAPRLDEDGEASEDTPQVPGLGSGGFSRVRMKTPTVRGVLDLDRPGEPAGEESPGPLQERSPLLPLPEDGPPQVPDGPPDLLLESQWHHYSGEASSSEEEPPSPDDKENQAPKRTGPHLRFEISSEDGFSVEAESLEGAWRTLIEKVQEARGHARLRHLSFSGMSGARLLGIHHDAVIFLAEQLPGAQRCQHYKFRYHQQGEGQEEPPLNPHGAARAEVYLRKCTFDMFNFLASQHRVLPEGATCDEEEDEVQLRSTRRATSLELPMAMRFRHLKKTSKEAVGVYRSAIHGRGLFCKRNIDAGEMVIEYSGIVIRSVLTDKREKFYDGKGIGCYMFRMDDFDVVDATMHGNAARFINHSCEPNCFSRVIHVEGQKHIVIFALRRILRGEELTYDYKFPIEDASNKLPCNCGAKRCRRFLN
sp|Q9Y6K1|DNM3A_HUMAN,MPAMPSSGPGDTSSSAAEREEDRKDGEEQEEPRGKEERQEPSTTARKVGRPGRKRKHPPVESGDTPKDPAVISKSPSMAQDSGASELLPNGDLEKRSEPQPEEGSPAGGQKGGAPAEGEGAAETLPEASRAVENGCCTPKEGRGAPAEAGKEQKETNIESMKMEGSRGRLRGGLGWESSLRQRPMPRLTFQAGDPYYISKRKRDEWLARWKREAEKKAKVIAGMNAVEENQGPGESQKVEEASPPAVQQPTDPASPTVATTPEPVGSDAGDKNATKAGDDEPEYEDGRGFGIGELVWGKLRGFSWWPGRIVSWWMTGRSRAAEGTRWVMWFGDGKFSVVCVEKLMPLSSFCSAFHQATYNKQPMYRKAIYEVLQVASSRAGKLFPVCHDSDESDTAKAVEVQNKPMIEWALGGFQPSGPKGLEPPEEEKNPYKEVYTDMWVEPEAAAYAPPPPAKKPRKSTAEKPKVKEIIDERTRERLVYEVRQKCRNIEDICISCGSLNVTLEHPLFVGGMCQNCKNCFLECAYQYDDDGYQSYCTICCGGREVLMCGNNNCCRCFCVECVDLLVGPGAAQAAIKEDPWNCYMCGHKGTYGLLRRREDWPSRLQMFFANNHDQEFDPPKVYPPVPAEKRKPIRVLSLFDGIATGLLVLKDLGIQVDRYIASEVCEDSITVGMVRHQGKIMYVGDVRSVTQKHIQEWGPFDLVIGGSPCNDLSIVNPARKGLYEGTGRLFFEFYRLLHDARPKEGDDRPFFWLFENVVAMGVSDKRDISRFLESNPVMIDAKEVSAAHRARYFWGNLPGMNRPLASTVNDKLELQECLEHGRIAKFSKVRTITTRSNSIKQGKDQHFPVFMNEKEDILWCTEMERVFGFPVHYTDVSNMSRLARQRLLGRSWSVPVIRHLFAPLKEYFACV
sp|P10938|PNMT_BOVIN,MSGTDRSQAAGAVPDSDPGLAAVSSAYQRFEPRAYLRNNYAPPRGDLSCPDGVGPWKLRCLAQTFATGEVSGRTLIDIGSGPTIYQLLSACAHFEDITMTDFLEVNRQELRLWLREEPGAFDWSVYSQHVCLIEGKGESWQEKECQLRARVKRILPIDVHRPQPLGAGGLAPLPADALVSAFCLEAVSPDLASFQRALDHITTLLRPGGHLLLIGALEESWYLAGEARLAVVPVREEEVREALVRTATRCGICARTPMPAHLQTGVDDVKGIFFTRAQKKVGV
sp|protein|C96T_,MATSSSAWLMFSDHYPEILIAIACFLIFSLLLSARSSSEDSLPYNWPIFGMLPAIISNNQFNDFTTARLRKMGWTFIFKGPWLLDMDYIFTCDPSNINHMFNDNFENYPKGELGKVFDIFGNNIFNADGDLWHDHRKMAQTILWDGNYRTMQATFIRNKMDNALIPILDSAASKRKPVDLQDVFFRFTFDTSCFSVLAADPESLTMEFPAVPFSKAADQALDAALTRHITPRLIWKLKRFFNVGSERTLAVAWKVIDSYIYDKIAELKAKRKLVGKINSYDAVSFYMDNFNIHDDKFLRDNAFTYLLAQRNTQSLTMTWLFYALFENPKVELKILSELKSIVDESSERKFNDGFALFDSNMIQSAIYLHATLCEALRIYPPVPFEIKDAHKADVLPSGHKVRAGEKILFSPYAMARMKGIWGDDCLEFKPERWITGNGTLKHEPAYKFFAFSAGPRICLGKELSFTQMKMVVATIIYNFHLQMVKGHVVEQSNSILMDMKHGLMVQVRKRSVM
sp|A6TD45|CYSG1_KLEP7,MDYLPLFAELKQRPVLVIGGGEIAERKIKFLLRAQAQVQVVAETLSPALADLAARQALSWRATEFSDSLVDDVFLVIAATEDDALNQRVFAAANARYRLVNVVDNQALCSFVFPSIVDRSPLLVAISSSGKAPVLSRILREKIEALLPTNLGRLAESASYWRNHLKTRLTTTEARRRFWERVFTGRFASLMVAGNSAEAEKALQDELDKPERETGEIILVGAGPGDAGLLTLRGLQAIQQADVVFHDHLVTQPVLELVRRDAELICVGKRAGEHSVPQHETNQLLVEAAKAGKTVVRLKGGDPFIFGRGAEELQAAAEAGIPFQVVPGVTAAAGATAYAGIPLTHRDYAQSAVFVTGHYKPDSAPFDWSLLAKSQQTLAIYMGTMKAAEISAQLIAHGRDSDTPVAVISRGTRDDQQTITGTLQQLEHLAKDAPMPALLVVGEVVQLHQQLAWFQHTSSAEGFNASVVNLA
sp|A6TF07|CYSG2_KLEP7,MDHLPIFCQLRQRDCLLVGGGDVAERKARLLLDAGANVTVNALDFTPQFQVWADSQMLTLVQGEFIPSLLDNCWLAIAATDDETVNQQVSEAAEARRIFCNVVDAPRQASFIMPSIIDRSPLMVAVSSGGTSPVLARLLREKLESILPLHLGQLARYAGHLRARVKQQFATVGERRRFWEKLFVNDRLAQSLANDDRQAVADTTEQLLTEPLEHRGEVVLVGAGPGDAGLLTLKGLQQIQQADVVVYDRLVSDDIMNLVRRDADRVFVGKRSGYHCVPQEEINQILLREAQKGRRVVRLKGGDPFIFGRGGEELETLCEAGIPFSVVPGITAASGCSAYSGIPLTHRDFAQGVRLVTGHLKTGGELDWANLAVEKQTLVFYMGLNQAPAIREKLIAHGMAEDMPAAIVENGTAVTQKVVSGTLGQLDILAQQMASPALIIVGRVVGLRDKLNWFSNH
sp|P0AEA8|CYSG_ECOLI,MDHLPIFCQLRDRDCLIVGGGDVAERKARLLLDAGARLTVNALAFIPQFTAWADAGMLTLVEGPFDESLLDTCWLAIAATDDDALNQRVSEAAEARRIFCNVVDAPKAASFIMPSIIDRSPLMVAVSSGGTSPVLARLLREKLESLLPLHLGQVAKYAGQLRGRVKQQFATMGERRRFWEKLFVNDRLAQSLANNDQKAITETTEQLINEPLDHRGEVVLVGAGPGDAGLLTLKGLQQIQQADVVVYDRLVSDDIMNLVRRDADRVFVGKRAGYHCVPQEEINQILLREAQKGKRVVRLKGGDPFIFGRGGEELETLCNAGIPFSVVPGITAASGCSAYSGIPLTHRDYAQSVRLITGHLKTGGELDWENLAAEKQTLVFYMGLNQAATIQQKLIEHGMPGEMPVAIVENGTAVTQRVIDGTLTQLGELAQQMNSPSLIIIGRVVGLRDKLNWFSNH
sp|P15807|MET8_YEAST,MVKSLQLAHQLKDKKILLIGGGEVGLTRLYKLIPTGCKLTLVSPDLHKSIIPKFGKFIQNEDQPDYREDAKRFINPNWDPTKNEIYEYIRSDFKDEYLDLEDENDAWYIIMTCIPDHPESARIYHLCKERFGKQQLVNVADKPDLCDFYFGANLEIGDRLQILISTNGLSPRFGALVRDEIRNLFTQMGDLALEDAVVKLGELRRGIRLLAPDDKDVKYRMDWARRCTDLFGIQHCHNIDVKRLLDLFKVMFQEQNCSLQFPPRERLLSEYCSS
sp|P25924|CYSG_SALTY,MDHLPIFCQLRDRDCLIVGGGDVAERKARLLLEAGARLTVNALTFIPQFTVWANEGMLTLVEGPFDETLLDSCWLAIAATDDDTVNQRVSDAAESRRIFCNVVDAPKAASFIMPSIIDRSPLMVAVSSGGTSPVLARLLREKLESLLPQHLGQVARYAGQLRARVKKQFATMGERRRFWEKFFVNDRLAQSLANADEKAVNATTERLFSEPLDHRGEVVLVGAGPGDAGLLTLKGLQQIQQADIVVYDRLVSDDIMNLVRRDADRVFVGKRAGYHCVPQEEINQILLREAQKGKRVVRLKGGDPFIFGRGGEELETLCHAGIPFSVVPGITAASGCSAYSGIPLTHRDYAQSVRLVTGHLKTGGELDWENLAAEKQTLVFYMGLNQAATIQEKLIAFGMQADMPVALVENGTSVKQRVVHGVLTQLGELAQQVESPALIIVGRVVALRDKLNWFSNH
sp|P52788|SPSY_HUMAN,MAAARHSTLDFMLGAKADGETILKGLQSIFQEQGMAESVHTWQDHGYLATYTNKNGSFANLRIYPHGLVLLDLQSYDGDAQGKEEIDSILNKVEERMKELSQDSTGRVKRLPPIVRGGAIDRYWPTADGRLVEYDIDEVVYDEDSPYQNIKILHSKQFGNILILSGDVNLAESDLAYTRAIMGSGKEDYTGKDVLILGGGDGGILCEIVKLKPKMVTMVEIDQMVIDGCKKYMRKTCGDVLDNLKGDCYQVLIEDCIPVLKRYAKEGREFDYVINDLTAVPISTSPEEDSTWEFLRLILDLSMKVLKQDGKYFTQGNCVNLTEALSLYEEQLGRLYCPVEFSKEIVCVPSYLELWVFYTVWKKAKP
sp|P95370|CYSG_NEIMB,MNYFPIFANLAGRPVLVVGGGAVAARKISLLLKAGAEVRVAAKHLNAELSALAAENKILWLAEEFRAEHIRTVFLIIAASSDQALNRRVFHLAESCQKPVNVVDDRDHCSFIFPSVIDRNPVQIAVSSSGSAPVLARLLRERLEALLPPSLGDMAEISGRWRDAVKGKLKSVTERRRFWEKQFNGRFAALVKNRQNTLAERELAGQLEQSRQNDQGGSVSLVGAGPGDAGLLTLKGLQEIQQADVVLYDALVSDGILSLVRRDAERIFVGKRARGERTPQEDTNALMVRLAREGRRVVRLKGGDPFVFGRGGEELETLARHQIPFSVVPGITAAVGATAYAGIPLTHRDYAQSAVFVTGHRKADAPDIEWQTLARSRQTLVIYMGALKAALIAERLQQHGRSPDTPAAVISQGTLPAQKTATGTLANLAELAETAPNPALIVIGEVVGLHEKLAWFGENGEGENRVGQTYPALGGLNAGQRAA
sp|Q1H3L5|CYSG_METFK,METLPIFMKLRDRPCLVVGGGEIASRKVSLLEKAGASVTVVSPELHPTLAKSLAEGRIRHLASVFEPAQLDGAVLVIAATDDAEVNRAVSREAQARNIPVNVVDAPELCTFIVPSIVDRSPLLVAVSSGGTAPVLARMLRTRIETLIPATYGRLAAFAAEFREAVKQRFSTGQQRRIFWEDVFQGVIGEQVLSGQEEAARHAMQQVLSGRGELHHGEVYLVGGGPGDPDLLTFRALRLMQQADVCVYDKLVSKEVMALVRRDAELIYVGKSRDQHTLPQEDINQLLVRLAKEGKRVLRLKGGDPFIFGRGGEEIETLMENGIPFQVVPGITAANGVSSYAGIPLTHRDYAQSCLFTTGHLKDGSVNLDWDALVRPNQTVVIYMGLVGLPEICRQMVAHGAPENLPIAIVQQGTTQRQRVVEGTLATLPGLVERAGLRAPCLIIVGQVVRLREKLAWFAPSPEVVSAG
sp|Q1QAX7|CYSG_PSYCK,MNTFPLFFKLEDRKVLIVGGGDVALRKADLLSRAGACITVLAPSISHEIQALLSDSKHALIYENYNKTYMTDSRVIIAATDDETLNHQIHSDATALNIPVNVVDTPHLCDFIFPAIVDRNPIVIGISSNGKAPVLARLLRARLETLIPQGYGKLAKLAGEFRGDVKAKIPTLTGRRQFWEQVFEGKVSQLMFSGNENEAIAQLQADLDNTAANITAKNATDESTEAQNTMGEVYIVGAGPGDPELLTFKALRLMQQADIVYYDALVSPQVLDLCRRDADKVFVGKKRSNHAVAQLGINELLVNSAKEGRRVVRLKGGDPFIFGRGGEEIESLRSHNVPYQVVPGITAANAAASYAGIPLTHRDHSQSVRFVTGFLKAGAPNNNFKSFLNTDETVVFYMGLHSLPRLTQGLIDAGRSAKTPIAIVSNASMPNQQVLTGTLASIVELQAQHQLPTPALLIMGDVVSLHHDLAWYNNKKTSENDNNWLRGGTATTPKPNPNQQAHALSMIANLATEDGGLEQLVID
sp|Q2KWB0|CYSG_BORA1,MKLFPIFSDIKGRCVLVVGGGAVATRKAQALLEAGAAVSVGAPTLTPELARLAQGQTITHLQGEFDADWLKDAWLIIAATDDRTVNTRVYEAACARRQFCNVVDDPALSSFQVPSIVDRSPLIVAISSSGLAPVLARRLRERLESLFDHSLGALAELAARYRPAIRAARADLKERRRFYDWLLDGPVAAALRRAQPQQAQEALDEALARPALSQDGRVVLVGAGPGDPGLLTLKGLRALNEADVILHDRLVSAEVLALARRDAERITVGKRLGENHNATQARIHELMVEHARAGRRVVRLKGGDAFIFGRGGEELEHLRAHGVDYEVVPGITAALACAAYAGIPLTHRDYAQSVHLVTAHCRADEEALDWDGLARGQQTLAFYMGVGQLDILSARLVAHGRPGSTPFALIENGSRPSQRVVMGRLSQLAERAREQAVASPALLIVGEVAALADRLAWFGKP
sp|Q2Y6L7|CYSG_NITMU,MNFLPIFLDIHDRNCVVAGGGEVAARKVAMLLRAGAHVTVVAPRLCSELLEQLNEQSREGKLAYRAETFQDEHLADAVLVIAATDDFAVNQRISEAAKRLRIPVNVVDNPGLCSFIMPSIVDRTPVVVAVSSGGASPVLTRLLRARLETMIPMAYGRLAAYAGEFRDRVKHRFSQPAQRRRFWERVLQGPFAEMVFAGKDQAAKAWLERELENETEEPVKGEVYLVGAGPGDPELLTFRAMRLMQQADVVVYDRLVSPEILDMLRRDTPRIYAGKERNRHTMPQESINDLLVRLAKEGKRVLRLKGGDPFIFGRGGEEIETLAGHGIPFEVVPGITAANGAASYAGIPLTHRDYAQSCIFVTGHLKDGSVDLDWPMLARPKQTIVVYMGLLGLTVLCKQLIAHGLPNNTPAAIVQQGTTRKQRVLAATLETLPELTAAAHLVPPTLVIVGEVVNLHRKLAWFQPEGNLPGAE
sp|Q42606|UPM1_ARATH,MALVQRIPISSSSIRNWQQARTNLTPICCLHYNTASSSSSPFTEKHSVERYQRDQWLYKAVEPTPPSTPSPSPFEDEVFVRENDIASQLPELKKLLAVLKEKRVKGCKGGDCGPGDVYLVGTGPGDPELLTLKAVRVIQSADLLLYDRLVSNDVLELVAPDARLLYVGKTAGYHSRTQEEIHELLLNFAEAGATVVRLKGGDPLVFGRGGEEMDFLQQQGIRVQVIPGITAASGIAAELGIPLTHRGVATSVRFLTGHSRKGGTDPLFVAENAADPDTTLVVYMGLGTLPSLAQKLMDHGLPSDTPAVAVERGTTPLQRTVFAELKDFATEIQSAGLVSPTLIIIGKVVELSPLWPHCTKESSCLVETR
sp|Q4FSU1|CYSG_PSYA2,MNTFPLFFKLEDRKVLIVGGGDVALRKADLLSRAGACITVLAPSINHEIQALLSSSKHELIYEHYNKTYMTNSRVIIAATDDERLNHQIHADATALNIPVNVVDTPHLCDFIFPAIVDRNPIVIGISSNGKAPVLARLLRARLETLIPQGYGKLAKLAGEFRGDVKAKIPTLTGRRQFWERAFEGKVSQLMFAGNENEALAQLQADLDNTAASITAKDATDDNGLSTASTSAPAIANEFTAARNTMGEVYIVGAGPGDPELLTFKALRLMQQADIVYYDALVSPQVLDLCRRDADKVFVGKKRRNHAVAQLGINELLVNSAKEGRRVVRLKGGDPFIFGRGGEEIESLRAHNIPYQVVPGITAANAAASYAGIPLTHRDHSQSVRFVTGFLKAGAPNNNFKNFLDTDETVVFYMGLHSLPRLTEGLIDAGRSAETPIAIVSNASMPNQQVLTGTLASIVELQEKNQLPTPALLIMGDVVSLHHDLAWYNLHNQQHNQNTSETDNNWLRGGTATTPKSNAQFNAHQQAHALSMITNLATEDGDLEQLIIG
sp|Q59292|HEMA_RUMJO,MQLGRHNSGSIKKRLEMYILSIISASLDYKSAAIDIRERFSYTSTRIREILRRIKAADGVSGAVLLCTCNRTELYISGDNIENMNPALLLCQLSGEEDHKSLMTLFSIRHDSEAIFHLMEVACGLQSMVLFEDRVITQVKNAAAISREEKTIDSTLETLFRLCITAAKKAKTEIKVKAVPTSAAERAITELSKKYCFTDKRILVIGNGEIGRLCCKKLIELGAEITITLRKYKHGEIIIPVGCNTIPYDEREEVLPLSDVVISATTSPHFTITYDMIEKLERKPEIFVDLALPRDIESSISNFTGVELYNLDRFYTDYSVLNQKEVSKIREIINHFILQFEKWKDYREEAAFTKIPDLHNDTLYGRFPLFIDLSGKKVLVVGGGEIATRRVKTLLRFGADIYLVAPHLTSELQEMLNCKLINYREGYYESQDIQNMFLVIAATNDRETNHKVYLDAKEKGIQMSIADCREECSFYFPAIFEFDGIVGGLVSQNGDNHSLVKSVAEQIRKIGQATD
sp|Q65T49|CYSG_MANSM,MNYFPVFADLNNRPVLVVGGGTIAARKVNLLLKANAEVRITAQKLNAELTALVEQDRIIWIAKEFHGEQIRNVFLVVAATDDEQLNEQVFQVAESRQKLVNVVDDQARCSFIFPSIIDRSPIQVAVSSGGAAPVLARLLREKLEALLPQHLGVMADISGKWRHKVKQQLKTITERRRFWESLFNGRFSRLLKNRQIEAAKKELELQLTKDYQGGSVSLVGAGPGDAGLLTLKGLQEIQQADVVLYDALVSAEILDLVRRDAELIFVGKRAQGRQVAQQETNQLLADLALQGKRVVRLKGGDPFVFGRGGEELEVLAQQGIPFSVVPGITAAIGATAYAGIPLTHRDYAQSAVFVTGHRKADASDIEWQTLARSNQTLVIYMGTLKAATIAQSLQQYGRAASTPVAVISQGTQETQHTQIGTLKNLAELAEKAPTPALIVVGEVVSLHEKLAWFGEDKFAQKRPHFTLDSLRIERVA
sp|Q74Y23|CYSG_YERPE,MDYFPIFCQLQHKACLLVGGGEIAERKARLLLDAGALVTVNACEFTPQFHHWADQGQLSLISGEFVPELLADKWLVIAATDQLSVNALVYQSANQQRIFCNVVDDPKRTSFIMPSIIDRSPIMIAVSSGGKAPVLARLLREKLEALLPQHLGQLAGNLRQRVKQHFTVMTERRRFWEKLLTHDRLAQSLANNDHVQADQHVEQLFSAPLTDRGEVVLVGAGPGDAGLLTLKGLQQIQQADVVVYDRLVSDEVMNLVRRDAERIFVGKQSGHHCVPQEQINQILLQQAQSGKRVVRLKGGDPFIFGRGGEELEELAGYGIPFSVVPGITAASGCSAYSGIPLTHRDHAQSVRLVTGHAKKEGQLDWANLAAEKQTLVFYMGLSQAGEIQQQLIQHGMPATTQVALVENGTSRHQRVVSGELSQLALLSQQVSSPSLIIVGSVVSLREKLNWFSSRHHDDQPKVTECVAHVG
sp|Q820Q4|CYSG_NITEU,MDYLPVFLNIKQRDCLVVGGGEIAVRKIRLLLRAHARIHVVSPAISEELSNLLLQSPVITHTAESFRPDHLQDRALAIAATNDHEVNRAVSAAARKAGIPVNVVDNPDLCTFIMPSILDRSPIIVAVSSGGTSPILARLLRSRLEALIPSAYGRLAEYAARFRDKVRQRFIHQENRRFFWERMLQGPFAEMVFAGRDQAAQDYLSEALENSTDQFPTGEVYLVGAGPGDPDLLTFRAMRLMQQADVVIYDRLVSPAILDMVRQDATRIYVGKVRNQHTLPQTSINELLVKLAQEGKHVLRLKGGDPFIFGRGGEEIETLSQHHIPFQVVPGITAASGVASYAGIPLTHRDHAQSCVFVTGHLKDNTIQLDWPALARPNQTIVVYMGLLGVTELCRQLIAHGLQATTPAAIVQQGTTPNQRVLTGTLETLPDIIQQNPLKPPTLIIVGNVVKLHQKLAWFNSTSEPMGTSSGPGYP
sp|O14172|MET8_SCHPO,MASKYQSVQPGGSLIIAWRAQGKKVLIVGGGVVAAGRILHVLNADAHVIVVSPKAGLCKEVAWRIQEKQVEWRDRGFLVEDLSDDVNMVLTAIDDPSLSSEIYKLCKSKKIPVNAADIPPECDFYFGSEIRNGPLQIMVSTNGKGPKLASLIRKKIESSINPATGMALEKTGLLRQKLRDIVPEPENSRKRMRWMIEICELWSLEELAMLDENLINRLLGYFPKKTPSYREITTPAYSKIDNYIWFGAIIISGAVLLKHVSKAR
sp|Q1IBC9|CYSG_PSEE4,MDYLPLFHKLQGGRALVVGGGEIALRKARLLADAGAALRVVAPEVDGQLAALAREGGGEVLVRGYQSSDLDGCRLVIAATDDPGLNAQVSAHAQARSLPVNVVDAPALCTVIFPAIVDRSPLVVAVSSGGDAPVLARLIRAKLEAWIPSAYGELAGLAARFRDKVKALYPDVNQRRGFWENVFQGPIAERQLAGQGAEAERLLQAMVDGAPVQQGGEVYLVGAGPGDPDLLTFRALRLMQQADVVLYDRLVAPAIIEMCRRDAERIYVGKRRADHAVPQDQINRLLVDLARQGKRVLRLKGGDPFIFGRGGEEIEELADEGIPFQVVPGITAASGCSAYGGIPLTHRDYAQSVRFVTGHLKDGTSNLPWNDLVAPAQTLVFYMGLVGLPTICAELIRHGRAASTPAALVQQGTTRNQRVFTGTLADLPELVARHEVHAPTLVIVGEVVKLRDKLAWFEGAQNS
sp|Q2NVN0|CYSG_SODGM,MEYLPLFADLRRRPVLVVGGGEVAARKIQLLMRAGAQIIVAARALCPALEEIRQAGGLSWLGESFEPAMLDDVFLVIAATDDAALNARVSQCAEQRHLLANVVDDQPYCSFIFPSIIDRAPIVVAISSSGTAPVLARILREKLESILPTFLGPMAAIAGAWRGRVKQRIRSMAGRRRFWEKALNGRFASLMAQGRLEQAEQALEQALNAGPEHGGEVALVGAGPGDSGLLTLRGLQLMQQADVVLYDYLVSPEVLELVRRDAERICAGKRVGEHSMPQQEINRLLVTLAQQGKKVVRLKGGDPFIFGRGGEELQAVATAGIPFQVVSGITAAAGATAYAGIPLTHREHAQSITFITGHLRDGADALDWQALARGRQTLAIYMGVVKAAEISSQLIRHGRSAQTPVAVISRGTCSDQYVQTGTLEALDQLAQKAPTPALVVIGEVVALHHEINWFGQQNLAAQKRASVVNLA
sp|Q3ILQ9|CYSG_PSET1,MQYLPIFTKLDNKPVLVVGGGDVALRKCSALLKARASITLVAPKFCQQLIELASENKVTLIHEYFSEQHLKNMMLVIAATDLEHVNSQVFELANAHNIFVNVVDDQPKCTFIFPSIVDRNPITIAISSAGTAPVLARRLREKLETLIPQHIGPLATLVGGFRSKVKQRFKHFADRRQFWEGVFDSSVVSKVQTGDTQAAEQQLEHMLNAKAEPEGEVYVVGAGPGDPELLTLKALQLMQQADVVVYDYLVSDEIMELVRRDADLICVGKRLGDHSVAQQDTNQMLVDLAKQGKKVCRIKGGDPFIYGRGGEEVQVLAANKVNYQIVPGITAAAGCSAYAGIPLTHRDHAQAIQFVTGHCKKDGQELDWQSLAKPNQTLAIYMGVIKSPHIQAELLKHGRNANTPVAIIENGTRKNQRVITGKLGELADLITRNSVVSPALLIIGEVASLHQELHWFGAKAQTSSFAQPLTDVA
sp|Q606C9|CYSG_METCA,MDYLPIFLKLRDLPCLIVGGGEVAVRKLGLLLDAGAAVTVIAASAEAVIVELADRGLIRLRTKVFEATDSEGFRLIIAATDDRAVNAAVATAARRHGIPVNVVDCPDLCDFIFPAIIDRSPVLVAVSTGGASPVLARQLRTRIETCIPSRFGTLARLAADLRERVRQAIPEPRARRHFWERTLEGPAAELALQGRAEDAERVLLEAADAAARQERPAWGSVALVGAGPGDPDLLTLRALRLIQEADVIVYDRLVSAEILALARRDARRIYAGKERSRHSIPQDDINALLANLAAEGNRVVRLKGGDPFIFGRGGEEIETLMACGIPFQVVPGITAASGCAAYAGIPLTHRAHAHACVFVAGHLKDGTLQDLDWSQLVQPHQTVVVYMGLQGLPQICAELIRHGAPPSRPAALIQQGTTRDQKVLTATLETLPDKVADAGIKAPTLIIIGEVVGLRKKLAWYRSRQETEGRSGNG
sp|Q6F8G6|CYSG_ACIAD,MEIFPISLKLQQQRCLIVGGGHIAYRKAILLVKAGAILDIVAPDIDPQLMSLIEQSAGTAYVKLFEDHDLDRVYRLVIAATDNADVNKRVFEQAELRNLLVNSVDDIPNCRFMVPAIIDRSPLLISVASNGASPVLSRQLRTQIETLVPHGMGKLAEFSGQWRSRVKAQITNPDERRIFWEELYASPLKEQVFNDNLDIANQMMTQSLAEWTAPKGEVYLVGAGPGDPELLTLKALRLMQQADVVIYDRLVSAPILELCRRDAEKVYVGKARSNHSVPQEGINALLVKYAQAGKRVCRLKGGDPFIFGRGGEEIQELFAAGIPFQVVPGITAASGCSAYAGIPLTHRDYAQSVRFLTGHLKEGSPELPWSELVYENQTLVLYMGLVGLEHICQQLIAHGQRPDMPVALVSKGTTPEQKVVVGTLSNIASKIAEYQIHAPTLTIIGEVVSLREQLQWL
sp|Q6LM67|CYSG_PHOPR,MDYLPIFTDLKRRPCLVVGGGDVAWRKARMLLKAGADVRVIAPVLNQAFQQAIEQQQVSHVADEFESSHLDGIFLAIAATDRKAVNALVYQSANQRQVLVNVVDDTQRCSFIIPSIIDRSPIIVAVSSSGKAPVLARLIREKLEALLPQHLGRMATIAGNFRARLAKTVTSFSARRQFWEQVFDGRFSDLVACGQEQDAKQELINLTQSTSPQGQVALIGSGPGDAGLLTLRALQLMQQADVVLYDYLVSDEVMDLVRRDAELVCVGKKAGFHSVPQEETNQLIVKYAQQGKRVVRLKGGDPFVFGRGGEELEVLFDANILFQVVPGITAAAGATAYAGIPLTHRDYAQTAMFVTGHLKAESDQMDWSTLARGKQTLVIYMGLMKSGHIQQQLLINGRAGDTPIAIIERGTQKKQKVIKGQLSELEQLAKNAESPSLIVIGEVVNLSEKLHWFGKQEQSLQQSAVVKLA
sp|Q7VQG9|CYSG_BLOFL,MRYLPLFVYLNNKPVLVVGGGIVAFRKVQILQKTGAIIQIVAKTLCLNLKTTLFKKKIIWIGKVFQISMLDNVFLVIIATDDTDFNDMVFKYAEKRHILVNTVDDPAKCSFIFPAIIDRSPILIGISSGGQAPVLIRMLKEKLESLIPMSIGYVASLAGIWRNKIKQHITDIVYRRFFWEKLFYNGQISLLVEKGNFRKANRVIKDAVLNQLHNRKQGSVSLVGAGPGDKGLLTIRGLQVIQTADIILYDYLVNPDILDLSRKDANKICVGKIAKKHSISQNNLNHFMIQLAQQGNNVVRLKGGDSFIFGRGGEELQAVSKAGIMFQVVPGITSGIGVAAYAGIPLTHREYAHSVVFMTGHKRHQGDYKINWSLLSDNKQTIVIYMGQLNAVNISKNLICHGRHIYTPVAIISRGTYLDQKILIGTLIELEKLIYMVKKPTLLIIGDVVSLHNEISWFGNG
sp|O31616|GLYOX_BACSU,MKRHYEAVVIGGGIIGSAIAYYLAKENKNTALFESGTMGGRTTSAAAGMLGAHAECEERDAFFDFAMHSQRLYKGLGEELYALSGVDIRQHNGGMFKLAFSEEDVLQLRQMDDLDSVSWYSKEEVLEKEPYASGDIFGASFIQDDVHVEPYFVCKAYVKAAKMLGAEIFEHTPVLHVERDGEALFIKTPSGDVWANHVVVASGVWSGMFFKQLGLNNAFLPVKGECLSVWNDDIPLTKTLYHDHCYIVPRKSGRLVVGATMKPGDWSETPDLGGLESVMKKAKTMLPAIQNMKVDRFWAGLRPGTKDGKPYIGRHPEDSRILFAAGHFRNGILLAPATGALISDLIMNKEVNQDWLHAFRIDRKEAVQI
sp|P13255|GNMT_RAT,MVDSVYRTRSLGVAAEGIPDQYADGEAARVWQLYIGDTRSRTAEYKAWLLGLLRQHGCHRVLDVACGTGVDSIMLVEEGFSVTSVDASDKMLKYALKERWNRRKEPAFDKWVIEEANWLTLDKDVPAGDGFDAVICLGNSFAHLPDSKGDQSEHRLALKNIASMVRPGGLLVIDHRNYDYILSTGCAPPGKNIYYKSDLTKDITTSVLTVNNKAHMVTLDYTVQVPGAGRDGAPGFSKFRLSYYPHCLASFTELVQEAFGGRCQHSVLGDFKPYRPGQAYVPCYFIHVLKKTG
sp|P26971|GRDA_ACESD,MSRFTGKKIVIIGDRDGIPGPAIEECLKPIDCEVIFSSTECFVUTAAGAMDLENQKRIKEATEKFGAENLVVLIGAAEAEAAGLAAETVTAGDPTFAGPLAGVELGLRVYHAVEPEFKDEVDAQIFDDQVGMMEMVLNVDEIIEEMQSIRSQFCKFND
sp|P40859|MSOX_BACB0,MSTHFDVIVVGAGSMGMAAGYQLAKQGVKTLLVDAFDPPHTNGSHHGDTRIIRHAYGEGREYVPLALRSQELWYELEKETHHKIFTKTGVLVFGPKGESAFVAETMEAAKEHSLTVDLLEGDEINKRWPGITVPENYNAIFEPNSGVLFSENCIRAYRELAEARGAKVLTHTRVEDFDISPDSVKIETANGSYTADKLIVSMGAWNSKLLSKLNLDIPLQPYRQVVGFFESDESKYSNDIDFPGFMVEVPNGIYYGFPSFGGCGLKLGYHTFGQKIDPDTINREFGVYPEDESNLRAFLEEYMPGANGELKRGAVCMYTKTLDEHFIIDLHPEHSNVVIAAGFSGHGFKFSSGVGEVLSQLALTGKTEHDISIFSINRPALKESLQKTTI
sp|P40873|MSOX_ARTST,MSIKKDYDVIVVGAGSMGMAAGYYLSKQGVKTLLVDSFHPPHTNGSHHGDTRIIRHAYGEGREYVPFALRAQELWYELEKETHHKIFTKTGVLVFGPKGEAPFVAETMEAAKEHSLDVDLLEGSEINKRWPGVTVPENYNAIFEKNSGVLFSENCIRAYRELAEANGAKVLTYTPVEDFEIAEDFVKIQTAYGSFTASKLIVSMGAWNSKLLSKLNIEIPLQPYRQVVGFFECDEKKYSNTHGYPAFMVEVPTGIYYGFPSFGGCGLKIGYHTYGQKIDPDTINREFGIYPEDEGNIRKFLETYMPGATGELKSGDVCMYTKTPDEHFVIDLHPQFSNVAIAAGFSGHGFKFSSVVGETLSQLAVTGKTEHDISIFSINRPALKQKETI
sp|P40874|MTOX_ECOLI,MKYDLIIIGSGSVGAAAGYYATRAGLNVLMTDAHMPPHQHGSHHGDTRLIRHAYGEGEKYVPLVLRAQTLWDELSRHNEEDPIFVRSGVINLGPADSTFLANVAHSAEQWQLNVEKLDAQGIMARWPEIRVPDNYIGLFETDSGFLRSELAIKTWIQLAKEAGCAQLFNCPVTAIRHDDDGVTIETADGEYQAKKAIVCAGTWVKDLLPELPVQPVRKVFAWYQADGRYSVKNKFPAFTGELPNGDQYYGFPAENDALKIGKHNGGQVIHSADERVPFAEVASDGSEAFPFLRNVLPGIGCCLYGAACTYDNSPDEDFIIDTLPGHDNTLLITGLSGHGFKFASVLGEIAADFAQDKKSDFDLTPFRLSRFQ
sp|P40875|TSOXB_CORS1,MADLLPEHPEFLWANPEPKKSYDVVIVGGGGHGLATAYYLAKNHGITNVAVLEKGWLAGGNMARNTTIIRSNYLWDESAGIYEKSLKLWEQLPEELDYDFLFSQRGVLNLAHTLGDVRESVRRVEANKFNGVDAEWLTPEQVKEVCPIINIGDDIRYPVMGATYQPRAGIAKHDHVAWAFARKANEMGVDIIQNCEVTGFLKDGEKVTGVKTTRGTIHAGKVALAGAGHSSVLAELAGFELPIQSHPLQALVSELFEPVHPTVVMSNHIHVYVSQAHKGELVMGAGIDSYNGYGQRGAFHVIEEQMAAAVELFPIFARAHVLRTWGGIVDTTMDASPIISKTPIQNLYVNCGWGTGGFKGTPGAGFTLAHTIANDEAHALNAPFSLERFETGHLIDEHGAAAVAH
sp|P46059|S15A1_HUMAN,MGMSKSHSFFGYPLSIFFIVVNEFCERFSYYGMRAILILYFTNFISWDDNLSTAIYHTFVALCYLTPILGALIADSWLGKFKTIVSLSIVYTIGQAVTSVSSINDLTDHNHDGTPDSLPVHVVLSLIGLALIALGTGGIKPCVSAFGGDQFEEGQEKQRNRFFSIFYLAINAGSLLSTIITPMLRVQQCGIHSKQACYPLAFGVPAALMAVALIVFVLGSGMYKKFKPQGNIMGKVAKCIGFAIKNRFRHRSKAFPKREHWLDWAKEKYDERLISQIKMVTRVMFLYIPLPMFWALFDQQGSRWTLQATTMSGKIGALEIQPDQMQTVNAILIVIMVPIFDAVLYPLIAKCGFNFTSLKKMAVGMVLASMAFVVAAIVQVEIDKTLPVFPKGNEVQIKVLNIGNNTMNISLPGEMVTLGPMSQTNAFMTFDVNKLTRINISSPGSPVTAVTDDFKQGQRHTLLVWAPNHYQVVKDGLNQKPEKGENGIRFVNTFNELITITMSGKVYANISSYNASTYQFFPSGIKGFTISSTEIPPQCQPNFNTFYLEFGSAYTYIVQRKNDSCPEVKVFEDISANTVNMALQIPQYFLLTCGEVVFSVTGLEFSYSQAPSNMKSVLQAGWLLTVAVGNIIVLIVAGAGQFSKQWAEYILFAALLLVVCVIFAIMARFYTYINPAEIEAQFDEDEKKNRLEKSNPYFMSGANSQKQM
sp|P50972|GRDA1_PEPAC,MSLFDGKKVIIIGDRDGIPGPAIAECLKGTAAEVVYSATECFVUTAAGAMDLENQNRVKGFADQFGAENLVVLVGAAEAESAGLAAETVTAGDPTFAGPLAGVQLGLRVFHAVEPEFKDAVDSAVYDEQIGMMEMVLDVDSIIAEMKSIREQFGKFND
sp|Q14749|GNMT_HUMAN,MVDSVYRTRSLGVAAEGLPDQYADGEAARVWQLYIGDTRSRTAEYKAWLLGLLRQHGCQRVLDVACGTGVDSIMLVEEGFSVTSVDASDKMLKYALKERWNRRHEPAFDKWVIEEANWMTLDKDVPQSAEGGFDAVICLGNSFAHLPDCKGDQSEHRLALKNIASMVRAGGLLVIDHRNYDHILSTGCAPPGKNIYYKSDLTKDVTTSVLIVNNKAHMVTLDYTVQVPGAGQDGSPGLSKFRLSYYPHCLASFTELLQAAFGGKCQHSVLGDFKPYKPGQTYIPCYFIHVLKRTD
sp|Q1QYW1|DDHC_CHRSD,MAFDALFKPIEIGNLTIRNRVVSTAHAEVHATDGGMTTERYVKYYEEKAKGGCGLCICGGSSPVSIDSPQAWWSSVNISTDRIIPHFQNLADAVHKHGGKIMIQITHMGRRSRWDGFDWPTLLSPSGIREPVHRSTCKTIEEEEIWRVIDDFAQGARRVKEGGLDGIELSAVHQHLIDQFWSPRVNKREDQWGGSFENRMRFGLEVLKAVRAEVGDDFVVGLRICGDEFHPDGLTHDDMKRIAAYYDATGMVDFFGVVGSGCDTHNTLANVIPNMSYPPEPFLHLAAGVKDVVSVPVIHAQNIKDPNQASRILEGGYVDLVGMTRAHIADPHLIAKIQMDQTDRIRQCVGANYCIDRQYQGLDVLCIQNAATSREYLGLPHEIAPSDGPKRKVVVVGGGPGGMEAARVAAERGHEVTLFEAADQIGGQITLAAKAPQRDQIAGITRWYQLELARLKVDLRLGTRADEATIADLRPDIVVLATGGQPFLSQVPEWGYDEDRERSLVVSTWDILSGAVEPGKNVLIFDSICEFAGVSAADYLADKGATVEIVTDDIKPGAAVGGTTFPTYYRSLYEKEVIMTSDLALHRVYREGDALVAVLENEYTGAQEERVVDQVVVENGVRPDEALYYALKDQSRNKGQVDIEALYAIQPQPALATLDDDADAGFVLFRLGDCTAPRNTHAAIYDALRICKDF
sp|Q495M3|S36A2_HUMAN,MSVTKSTEGPQGAVAIKLDLMSPPESAKKLENKDSTFLDESPSESAGLKKTKGITVFQALIHLVKGNMGTGILGLPLAVKNAGILMGPLSLLVMGFIACHCMHILVKCAQRFCKRLNKPFMDYGDTVMHGLEANPNAWLQNHAHWGRHIVSFFLIITQLGFCCVYIVFLADNLKQVVEAVNSTTNNCYSNETVILTPTMDSRLYMLSFLPFLVLLVLIRNLRILTIFSMLANISMLVSLVIIIQYITQEIPDPSRLPLVASWKTYPLFFGTAIFSFESIGVVLPLENKMKNARHFPAILSLGMSIVTSLYIGMAALGYLRFGDDIKASISLNLPNCWLYQSVKLLYIAGILCTYALQFYVPAEIIIPFAISRVSTRWALPLDLSIRLVMVCLTCLLAILIPRLDLVISLVGSVSGTALALIIPPLLEVTTFYSEGMSPLTIFKDALISILGFVGFVVGTYQALDELLKSEDSHPFSNSTTFVR
sp|Q50LE9|TSOXG_CORS9,MANDTMIDSTQLRRSPAAHLAAAMEAAEVAGERAVTLREVAFTTQLGLRAVPGSTGHAALAAATGVGLPAAVGEVAGDVSGTAVLWLGPDEFLLAAEENPALLDTLQGALGQEPGQVLDLSANRSVLQLEGPAAALVLRKSCPADLHPREFGVNRAITTSLANIPVLLWRTGEQSWRILPRASFTEHTVHWLIDAMSEFSAAEVA
sp|Q50LF0|TSOXA_CORS9,MSKPQRLSAAQTAGARINRDEALTLTVDGQQLSAFRGDTVASAMLANGLRSCGNSMYLDRPRGIFSAGVEEPNALITVGARHQADINESMLPATTVSVTDGLNATLLSGLGVLDPSEDPAYYDHVHVHTDVLVVGAGPAGLAAAREASRSGARVMLLDERPEAGGTLREASGEQIDGIDAAQWIDAVTEELAAAEETTHLQRTTVFGSYDANYILAAQRRTVHLDGPSGQGVSRERIWHIRAKQVVLATAAHERPIVFENNDRPGIMLAGSVRSYLNRFGVRAGSKIAVATTNDSVYPLVSELAASGGVVAVIDARQNISAAAAQAVTDGVTVLTGSVVANTEADASGELSAVLVATLDEQRNLGEAQRFEADVLAVSGGFNPVVHLHSQRQGKLNWDTSIHAFVPADAVANQHLAGALTGLLDTASALSTGAATGAAAASAAGFEKIAEVPQALAVPAGETRPVWLVPSLSGDDAVHYKFHFVDLQRDQTVADVLRATGAGMQSVEHIKRYTSISTANDQGKTSGVAAIGVIAAVLGIENPAQIGTTTFRAPYTPVSFAALAGRTRGELLDPARLTAMHPWHLAHGAKFEDVGQWKRPWYYPQDGESMDEAVYRECKAVRDSVGMLDASTLGKIEIRGKDAAEFLNRMYTNGYTKLKVGMGRYGVMCKADGMIFDDGVTLRLAEDRFLMHTTTGGAADVLDWLEEWLQTEWPELDVTCTSVTEQLATVAVVGPRSRDVIAKLASSLDVSNDAFKFMAFQDVTLDSGIEARISRISFSGELAFEIAIPAWHGLQVWEDVYAAGQEFNITPYGTETMHVLRAEKGFIIVGQDTDGTVTPQDAGMEWVVSKLKDFVGKRSFSREDNVREDRKHLVSVLPVDSSLRLAEGAALVAADAVASEGVTPMEGWVTHAYNSPALGRTFGLALIKNGRNRIGEVLKTPVDGQLVDVQVSDLVLFDPEGSRRDG
sp|Q50LF1|TSOXD_CORS9,MMLIECPNCGPRNENEFKYGGEAHVAYPEDPNALSDKEWSRYLFYRGNKKGIFAERWVHSGGCRKWFNALRDTVSYEFKAVYRAGEARPQLDSTEGGTR
sp|Q50LF2|TSOXB_CORS9,MADLLPEHPEFLWNNPEPKKSYDVVIVGGGGHGLATAYYLAKNHGITNVAVLEKGWLAGGNMARNTTIIRSNYLWDESAGIYEKSLKLWEELPEELEYDFLFSQRGVLNLAHTLGDVRESIRRVEANKFNGVDAEWLTPEQVKEVCPIINTGDNIRYPVMGATYQPRAGIAKHDHVAWAFARKANEMGVDIIQNCEVTGFLKDGEKVTGVKTTRGTILAGKVALAGAGHSSVLAELAGFELPIQSHPLQALVSELFEPVHPTVVMSNHIHVYVSQAHKGELVMGAGIDSYNGYGQRGAFHVIEEQMAAAVELFPIFARAHVLRTWGGIVDTTMDASPIISKTPIQNLYVNCGWGTGGFKGTPGAGYTLAHTIAHDEPHKLNAPFALERFETGHLIDEHGAAAVAH
sp|Q63342|M2GD_RAT,MLRLGALRLRGLALRSSQGRPSSAGLREGQESPPSPPEWKDRAETVIIGGGCVGVSLAYHLAKAGMRDVVLLEKSELTAGSTWHAAGLTTYFHPGINLKKIHYDSIKLYERLEEETGQVVGFHQPGSIRLATTPERVDEFKYQMTRTNWHATEQYIIEPEKIHELFPLLNMDKILAGLYNPGDGHIDPYSLTMALATGARKYGVLLKYPAPVTSLKPRPDGTWDVETPQGSVRANRIVNAAGFWAREVGKMIGLDHPLIPVQHQYVVTSTIPEVKALKRELPVLRDLEGSYYLRQERDGLLFGPYESQEKMKLQASWVAHGVPPGFGKELFESDLDRITEHVEAAMEMVPVLKKADIINIVNGPITYSPDILPMVGPHQGVRNYWVAIGFGYGIIHAGGVGKYLSDWILHGEPPFDLIELDPNRYGKWTTTQYTEAKARESYGFNNIVGYPKEERFAGRPTQRVSGLYKILESKCSMGFHAGWEQPHWFYKPGQDTQYRPSFRRTNWFRPVGSEYKQVMQRVGVIDLSPFGKFNIKGQDSTQLLDHLCANVIPKVGFTNISHMLTPRGRVYAELTVSHQSPGEFLLITGSGSELHDLRWIEEAAVRGGYDVEIRNITDELGVLGVAGPYARRVLQKLTSEDLSDDVFKFLQTKSLKISDIPVTAIRISYTGELGWELYHRREDSAALYERIMNAGQEEGIDNFGTYALNALRLEKAFRAWGSEMNCDTNPLEAGLDYFIKLNKPADFTGKQALKQIKAKGLKRRLVCLTLATDDVDPEGNESVWYKGKVIGNTTSGSYSYSIQKSLAFAYVPVELSEVGQQVEVELLGKNYPATIIQEPLVLTEPTRTRLQKDGRKS
sp|Q64380|SARDH_RAT,MASLSRVLRVAATCPRGRSARNLGLQPLAREARPTTEKSVPYQCTLKEEAQGASVVPQGPSQPLPSTANVVVIGGGSLGCQTLYHLAKLGVGGVVLLERERLTSGTTWHTAGLLWQLRPSDVEVELLAHTRQVVSHDLEEETGLHTGWIQNGGLFIASNQQRLDEYKRLMSLGKAYGIESHVLSPAETKDLYPLMNVDDLYGTLYVPRDGTMDPAGTCTTLTRAAVARGAQVIENCAVTGIRVRTDDFGVRRVTAVETQHGSIQTPCVVNCAGVWASSVGRMAGVKVPLVAMHHAYVVTERIEGIQNMPNVRDHDASVYLRLQGDALSVGGYEANPIFWDEVSDKFAFGLFDLDWDVFTQHIEGAINRVPVLEKTGIKSTVCGPESFTPDHKPLMGEAPELRGFFLGCGFNSAGMMLGGGCGQELAHWIVHGRPEKDMYSYDIRRFHHSLTDHPRWIRERSHESYAKNYSVVFPHDEPLAGRNMRRDPLHEELLGQGCVFQERQGWERPGWFNPQETAQVLDYDYYGAYGHQAHKDYAYSRLLGDEYTFDFPPHHCVIQKECLACRTAAAVFNMSYFGKFYLLGADARKAPDWLFSADVNRPPGSTVYTCMLNQRGGTESDLTVSCLAPGAQASPLAPAFEGDGYYLAVGGAVAQHNWSHINTVLQDQEFRCQLMDCSEDLGMLSIQGPASRDILQDVLDADLSNEAFPFSTHQLVRAAGHLVRAIRLSFVGELGWELHVPQASCLPVYRAVMAAGAKHGLVNAGYRAIDSLSIEKGYRHWHADLRSDDSPLEAGLAFTCKLKTSVPFLGREALEKQRATGLRRRLVCLTVEEEVPMFGLEAIWRNGQVVGHVRRADFGFTVNKTIAYGYIRDPSGGPVSLDFVKNGDYALERMGVTYAAQVHLKSPFDPDNKRVKGIY
sp|Q7U4Z8|GSMT_PARMW,MTSTQNHPLQTQDDQQRFGQSPESVRETDHYQQEYIEDFTDRWDRLIDWNARAEAEGDFFIRLLKEHGARSVLDVATGTGFHSIRLLEEGFDVVSADGSPNMLARAFRNARNRDQLLRTSQADWRFLNRDIHGEFDAVICLGNSFTHLFKERDRRKALAEYYAVLKHNGILILDHRNYDRLLEGGSAVRQGKGNVYCGKDVEVGPEHVDEGLARFRYSFSDGGVYHLNMFPLRYGYVRRLMSEVGFQQITSFGDYQRDFENPDFYVHVAEKEYRFDVDTTMH
sp|Q83WC3|SDMT_APHHA,MTKADAVAKQAQDYYDSGSADGFYYRIWGGEDLHIGIYNTPDEPIYDASVRTVSRICDKIKNWPAGTKVLDLGAGYGGSARYMAKHHGFDVDCLNISLVQNERNRQMNQEQGLADKIRVFDGSFEELPFENKSYDVLWSQDSILHSGNRRKVMEEADRVLKSGGDFVFTDPMQTDNCPEGVLEPVLARIHLDSLGSVGFYRQVAEELGWEFVEFDEQTHQLVNHYSRVLQELEAHYDQLQPECSQEYLDRMKVGLNHWINAGKSGYMAWGILKFHKP
sp|Q83WC4|GSMT_APHHA,MAIKEKQVQDYGENPIEVRDSDHYQNEYIEGFVEKWDELINWHARSSSEGEFFIKTLKEHGAKRVLDAATGTGFHSIRLIEAGFDVASVDGSVEMLVKAFENATRKDQILRTVHSDWRQVTRHIQERFDAVICLGNSFTHLFSEEDRRKTLAEFYSVLKHDGILILDQRNYDLILDEGFKSKHTYYYCGDNVKAEPEYVDDGLARFRYEFPDQSVYHLNMFPLRKDYVRRLLHEVGFQDITTYGDFQETYHQDDPDFYIHVAKKD
sp|Q8BHK3|S36A2_MOUSE,MSVTKSARSPQVATPLNLDLPESAKKLQSQDPSPANGSSSESSKKTKGITGFQTLVHLVKGNMGTGILGLPLAVKNAGILMGPLSLLVMGLIACHCMHILVRCAQRFCHRLNKPFMDYGDTVMHGLAFSPNAWLQNHAHWGRRVVSFFLIVTQLGFCCVYIVFLADNLKQVVEAVNSTTISCHKNETVVLTPTMDSRLYMLSFLPVLGLLVFVRNLRVLTIFSLLANISMLVSLVIIAQYIIQEIPDASQLPLVASWKTYPLFFGTAIFSFESIGVVLPLENKMKDARGFPTILSLGMSIITTLYIAIGALGYLRFGDDIKASITLNLPNCWLYQSVKLLYVVGILCTYALQFYVPAEIIIPLAVSQVSKRWALPVDLSIRLALVCLTCMLAILIPRLDLVLSLVGSVSSSALALIIPPLLEVVTYYGEGISPLTVTKDALISILGFMGFVVGTYQALDELIKSGNSPALSNSTMFIQ
sp|Q8IY34|S15A3_HUMAN,MPAPRAREQPRVPGERQPLLPRGARGPRRWRRAAGAAVLLVEMLERAAFFGVTANLVLYLNSTNFNWTGEQATRAALVFLGASYLLAPVGGWLADVYLGRYRAVALSLLLYLAASGLLPATAFPDGRSSFCGEMPASPLGPACPSAGCPRSSPSPYCAPVLYAGLLLLGLAASSVRSNLTSFGADQVMDLGRDATRRFFNWFYWSINLGAVLSLLVVAFIQQNISFLLGYSIPVGCVGLAFFIFLFATPVFITKPPMGSQVSSMLKLALQNCCPQLWQRHSARDRQCARVLADERSPQPGASPQEDIANFQVLVKILPVMVTLVPYWMVYFQMQSTYVLQGLHLHIPNIFPANPANISVALRAQGSSYTIPEAWLLLANVVVVLILVPLKDRLIDPLLLRCKLLPSALQKMALGMFFGFTSVIVAGVLEMERLHYIHHNETVSQQIGEVLYNAAPLSIWWQIPQYLLIGISEIFASIPGLEFAYSEAPRSMQGAIMGIFFCLSGVGSLLGSSLVALLSLPGGWLHCPKDFGNINNCRMDLYFFLLAGIQAVTALLFVWIAGRYERASQGPASHSRFSRDRG
sp|Q8K415|S36A2_RAT,MSVTKSAGSPQVAATVKLDLVSFPESAKKVQSQDPNPVNGSSSESSEKTKGITGFQTLVHLVKGNMGTGILGLPLAVKNAGILMGPLSLLVMGLIACHCMHILVRCAQRFCHRLNKPFMDYGDTVMHGLASSPNTWLQSHAHWGRHAVSFFLIVTQLGFCCVYIVFLADNLKQVVEAVNSTTISCHKNETVVLTPTIDSRLYMLAFLPVLGLLVFIRNLRVLTIFSLLANVSMLVSLVIIGQYIIQGIPDPSQLPLVASWKTYPLFFGTAIFSFESIGVVLPLENKMKDARRFPTILSLGMSIITTLYIAIGALGYLRFGDDIKASITLNLPNCWLYQSVKLLYVVGILCTHALQFYVPAEIIIPLAVSQVSKRWALPVDLSIRLALVCVTCMLAILIPRLDLVLSLVGSVSSSALALIIPPLLEVTTYYGEGMSPLTITKDALISILGFMGFVVGTYQALDELIRSGNSLPLSNSTMFIQ
sp|Q9KJ20|GSDMT_ACTHA,MTKSVDDLARGDQAGDEQDPVHREQQTFGDNPLEVRDTDHYMHEYVGGFVDKWDDLIDWKKRYESEGSFFIDQLRARGVETVLDAAAGTGFHSVRLLEEGFETVSADGSPQMLAKAFSNGLAYNGHILRVVNADWRWLNRDVHGEYDAIICLGNSFTHLFSERDRRKTLAEFYAMLKHDGVLIIDQRNYDSILDTGFSSKHTYYYAGEDVSAEPDHIDDGLARFKYTFPDKSEFFLNMYPLRKDYMRRLMREVGFQRIDTYGDFQETYGEDEPDFYIHVAEKSYRTEDEFVDMYSNAVHTARDYYNSEDADNFYYHVWGGNDIHVGLYQTPQEDIATASERTVQRMAGKVDISPETRILDLGAGYGGAARYLARTYGCHVTCLNLSEVENQRNREITRAEGLEHLIEVTDGSFEDLPYQDNAFDVVWSQDSFLHSGDRSRVMEEVTRVLKPKGSVLFTDPMASDSAKKNELGPILDRLHLDSLGSPGFYRKELTRLGLQNIEFEDLSEYLPVHYGRVLEVLESRENELAGFIGEEYRAHMKTGLRNWVQAGNGGSLAWGIIHARA
sp|Q9KJ21|SDMT_HALHR,MATRYDDQAIETARQYYNSEDADNFYAIIWGGEDIHIGLYNDDEEPIADASRRTVERMSSLSRQLGPDSYVLDMGAGYGGSARYLAHKYGCKVAALNLSERENERDRQMNKEQGVDHLIEVVDAAFEDVPYDDGVFDLVWSQDSFLHSPDRERVLREASRVLRSGGEFIFTDPMQADDCPEGVIQPILDRIHLETMGTPNFYRQTLRDLGFEEITFEDHTHQLPRHYGRVRRELDRREGELQGHVSAEYIERMKNGLDHWVNGGNKGYLTWGIFYFRKG
sp|Q9KJ22|GSMT_HALHR,MNTTTEQDFGADPTKVRDTDHYTEEYVDGFVDKWDDLIDWDSRAKSEGDFFIQELKKRGATRILDAATGTGFHSVRLLEAGFDVVSADGSAEMLAKAFENGRKRGHILRTVQVDWRWLNRDIHGRYDAIICLGNSFTHLFNEKDRRKTLAEFYSALNPEGVLILDQRNYDGILDHGYDSSHSYYYCGEGVSVYPEHVDDGLARFKYEFNDGSTYFLNMFPLRKDYTRRLMHEVGFQKIDTYGDFKATYRDADPDFFIHVAEKEYREED
sp|Q9NP91|S6A20_HUMAN,MEKARPLWANSLQFVFACISYAVGLGNVWRFPYLCQMYGGGSFLVPYIIMLIVEGMPLLYLELAVGQRMRQGSIGAWRTISPYLSGVGVASVVVSFFLSMYYNVINAWAFWYLFHSFQDPLPWSVCPLNGNHTGYDEECEKASSTQYFWYRKTLNISPSLQENGGVQWEPALCLLLAWLVVYLCILRGTESTGKVVYFTASLPYCVLIIYLIRGLTLHGATNGLMYMFTPKIEQLANPKAWINAATQIFFSLGLGFGSLIAFASYNEPSNNCQKHAIIVSLINSFTSIFASIVTFSIYGFKATFNYENCLKKVSLLLTNTFDLEDGFLTASNLEQVKGYLASAYPSKYSEMFPQIKNCSLESELDTAVQGTGLAFIVYTEAIKNMEVSQLWSVLYFFMLLMLGIGSMLGNTAAILTPLTDSKIISSHLPKEAISGLVCLVNCAIGMVFTMEAGNYWFDIFNDYAATLSLLLIVLVETIAVCYVYGLRRFESDLKAMTGRAVSWYWKVMWAGVSPLLIVSLFVFYLSDYILTGTLKYQAWDASQGQLVTKDYPAYALAVIGLLVASSTMCIPLAALGTFVQRRLKRGDADPVA
sp|Q9P0Z9|SOX_HUMAN,MAAQKDLWDAIVIGAGIQGCFTAYHLAKHRKRILLLEQFFLPHSRGSSHGQSRIIRKAYLEDFYTRMMHECYQIWAQLEHEAGTQLHRQTGLLLLGMKENQELKTIQANLSRQRVEHQCLSSEELKQRFPNIRLPRGEVGLLDNSGGVIYAYKALRALQDAIRQLGGIVRDGEKVVEINPGLLVTVKTTSRSYQAKSLVITAGPWTNQLLRPLGIEMPLQTLRINVCYWREMVPGSYGVSQAFPCFLWLGLCPHHIYGLPTGEYPGLMKVSYHHGNHADPEERDCPTARTDIGDVQILSSFVRDHLPDLKPEPAVIESCMYTNTPDEQFILDRHPKYDNIVIGAGFSGHGFKLAPVVGKILYELSMKLTPSYDLAPFRISRFPSLGKAHL
sp|Q9QXF8|GNMT_MOUSE,MVDSVYRTRSLGVAAEGLPDQYADGEAARVWQLYIGDTRSRTAEYKAWLLGLLRQHGCHRVLDVACGTGVDSIMLVEEGFSVMSVDASDKMLKYALKERWNRRKEPSFDNWVIEEANWLTLDKDVLSGDGFDAVICLGNSFAHLPDCKGDQSEHRLALKNIASMVRPGGLLVIDHRNYDYILSTGCAPPGKNIYYKSDLTKDITTSVLTVNNKAHMVTLDYTVQVPGTGRDGSPGFSKFRLSYYPHCLASFTELVRAAFGGRCQHSVLGDFKPYKPGQAYVPCYFIHVLKKTD
sp|Q9UI17|M2GD_HUMAN,MLRPGAQLLRGLLLRSCPLQGSPGRPRSVCGREGEEKPPLSAETQWKDRAETVIIGGGCVGVSLAYHLAKAGMKDVVLLEKSELTAGSTWHAAGLTTYFHPGINLKKIHYDSIKLYEKLEEETGQVVGFHQPGSIRLATTPVRVDEFKYQMTRTGWHATEQYLIEPEKIQEMFPLLNMNKVLAGLYNPGDGHIDPYSLTMALAAGARKCGALLKYPAPVTSLKARSDGTWDVETPQGSMRANRIVNAAGFWAREVGKMIGLEHPLIPVQHQYVVTSTISEVKALKRELPVLRDLEGSYYLRQERDGLLFGPYESQEKMKVQDSWVTNGVPPGFGKELFESDLDRIMEHIKAAMEMVPVLKKADIINVVNGPITYSPDILPMVGPHQGVRNYWVAIGFGYGIIHAGGVGKYLSDWILHGEPPFDLIELDPNRYGKWTTTQYTEAKARESYGFNNIVGYPKEERFAGRPTQRVSGLYQRLESKCSMGFHAGWEQPHWFYKPGQDTQYRPSFRRTNWFEPVGSEYKQVMQRVAVTDLSPFGKFNIKGQDSIRLLDHLFANVIPKVGFTNISHMLTPKGRVYAELTVSHQSPGEFLLITGSGSELHDLRWIEEEAVKGGYDVEIKNITDELGVLGVAGPQARKVLQKLTSEDLSDDVFKFLQTKSLKVSNIPVTAIRISYTGELGWELYHRREDSVALYDAIMNAGQEEGIDNFGTYAMNALRLEKAFRAWGLEMNCDTNPLEAGLEYFVKLNKPADFIGKQALKQIKAKGLKRRLVCLTLATDDVDPEGNESIWYNGKVVGNTTSGSYSYSIQKSLAFAYVPVQLSEVGQQVEVELLGKNYPAVIIQEPLVLTEPTRNRLQKKGGKDKT
sp|Q9UL12|SARDH_HUMAN,MASLSRALRVAAAHPRQSPTRGMGPCNLSSAAGPTAEKSVPYQRTLKEGQGTSVVAQGPSRPLPSTANVVVIGGGSLGCQTLYHLAKLGMSGAVLLERERLTSGTTWHTAGLLWQLRPSDVEVELLAHTRRVVSRELEEETGLHTGWIQNGGLFIASNRQRLDEYKRLMSLGKAYGVESHVLSPAETKTLYPLMNVDDLYGTLYVPHDGTMDPAGTCTTLARAASARGAQVIENCPVTGIRVWTDDFGVRRVAGVETQHGSIQTPCVVNCAGVWASAVGRMAGVKVPLVAMHHAYVVTERIEGIQNMPNVRDHDASVYLRLQGDALSVGGYEANPIFWEEVSDKFAFGLFDLDWEVFTQHIEGAINRVPVLEKTGIKSTVCGPESFTPDHKPLMGEAPELRGFFLGCGFNSAGMMLGGGCGQELAHWIIHGRPEKDMHGYDIRRFHHSLTDHPRWIRERSHESYAKNYSVVFPHDEPLAGRNMRRDPLHEELLGQGCVFQERHGWERPGWFHPRGPAPVLEYDYYGAYGSRAHEDYAYRRLLADEYTFAFPPHHDTIKKECLACRGAAAVFDMSYFGKFYLVGLDARKAADWLFSADVSRPPGSTVYTCMLNHRGGTESDLTVSRLAPSHQASPLAPAFEGDGYYLAMGGAVAQHNWSHITTVLQDQKSQCQLIDSSEDLGMISIQGPASRAILQEVLDADLSNEAFPFSTHKLLRAAGHLVRAMRLSFVGELGWELHIPKASCVPVYRAVMAAGAKHGLINAGYRAIDSLSIEKGYRHWHADLRPDDSPLEAGLAFTCKLKSPVPFLGREALEQQRAAGLRRRLVCFTMEDKVPMFGLEAIWRNGQVVGHVRRADFGFAIDKTIAYGYIHDPSGGPVSLDFVKSGDYALERMGVTYGAQAHLKSPFDPNNKRVKGIY
sp|O32518|GRDA2_PEPAC,MSIFDGKKVIIIGDRDGIPGPAMAECLKGTGAEVVYSATECFVUTAAGAMDLENQNRVKSFTEQYGAENMIVLVGAAEAESAGLAAETVTAGDPTFAGPLAGVQLGLRVFHAVEPEFKDSVDSAVYDEQIGMMEMVLDVDSIIAEMKSIREQFGKYND
sp|P26970|GRDA_GOTPU,MILQGKKVIAIGDRDGIPGPAIEECVKSAGAEIAFSSTECFVUTAAGAMDLEIQQKVKDAAESIGADNLVVVLGGAEAESSGLSAETVTTGDPTYAGPLAGVELGLKVYHVVEDELKAEFDEAIYEDQCGMMEMVLDVDGIKEEMNRVRG
sp|P52216|GRDA_PEPLI,MSLFDGKKVIIIGDRDGIPGPAMAECLKGINVEVVYSATECFVUTAAGAMDLENQNWVKNFTDQYGAENIIVLVGAAEAESAGLAAETVTAGDPTFAGPLAGVQLGLRVFHAVEPEFKGAVDSAIYDEQIGMMEMVLDVDSIIEEMKSIRADYCKFND
sp|Q46337|TSOXA_CORS1,MSQNTSYRLPAEQSPAARIDRGEALVLTVDGKQLEAFRGDTVASAMLANGQRACGNSMYLDRPRGIFSAGVEEPNALVTVEARHEQDINESMLAATTVPVTANLSATLLRGLGVLDPSTDPAYYDHVHVHTDVLVVGAGPAGLAAAREASRSGARVLLLDERAEAGGSLRDAAGEQIDGQDAAAWIDATVAELAAAEETTHLQRTTVLGSYDANYVVAVQRRTVHLDGPSGAGVSRERIWHIRANQVVLATGAHERPIVFENNDRPGIMLAGAVRSYLNCYGVRAGSQIVVATTNDSAYPLVADLAASGGVVAVIDARTTVSAAAAEAVGAGVRVITGSVVVDTEANESGELSAVIVAELGEDRELGEPQRFEADVLAVAGGFNPVVHLHSQRQGKLVWDTSIHAFVPDAAVANQHLAGALTGLFDTASALSTGAAVGAAAATAAGFERIAQVPQALPVPAGETRPVWLVPSLNGDQATNYTTHFVDLQRDQTVSDVLRATGAGLESVEHIKRYTSISTANDQGKTSGVAAIGVIAAVLGIENPAEIGTTTFRAPYTPVAFAALAGRTRGELLDPARITPMHSWHLAQGAKFEDVGQWKRAWYFPQDGEDMDAAVYRECAAVRESVGMLDATTLGKIEIRGADAAEFLNRIYTNGYTKLKVGMARYGVMCKADGMVFDDGVTLRLAEDRFLMHTTTGGAAGVLDWLEEWLQTEWPELDVTCTSVTEQLATVAVVGPRSRDVVAKLVTGLDVSNDAFKFMSFQDVTLDSGIEARISRISFSGELAYEIAIPSWHGLRVWEDVYAAGQEFNITPYGTETMHVLRAEKGFIIVGQDTDGTVTPQDAGMEWVVSKLKDFVGKRSFSREDNLREDRKHLVSVLPVDTALRLAEGAALVADGAVETEGCTPMEGWVTSSYNSPALGRTFGLALIKNGRSRIGEVLKTPVNGQLVDVLVSDLVLFDPEGSRRDG
sp|Q46338|TSOXG_CORS1,MASNTLIESTSVRRSPAEHLAEAMAQGSTAGTVQLREIAFATQVGVRAVPGSGGFAALAEAVGTGLPQQVGVVAGSVEGTAVLWLGPDEFLAIAPEGAELAAELVAALGDEPGQVLDLSANRSVLELSGPAAPLVLRKSCPADLHPRAFGVNLAITTTLANIPVLLWRTGEQSWYILPRASFTEHTVHWLIDAMSEFASEPVA
sp|Q47878|GRDD_PEPAC,MSDIKQMIGKTFMEIADAIETGSFAGKVKVGITTLGSEHGVENLVKGAELAAKDAAGFDIVLIGPKVETSLEVVEVATEEEAHKKMEELLDSGYIHSCVTVHYNFPIGVSTVGRVVTPGMGKEMFIATTTGTSAAQRVEAMVRNALYGIITAKSMGIENPTVGILNLDGARAVERALKELAGNGYPITFAESLRADGGSVMRGNDLLGGAADVMVTDSLTGNIMMKVFSSYTTGGSYEGLGYGYGPGIGDGYNRTILILSRASGVPVAANAIKYAAKLAQNNVKAIAAAEFKAAKAAGLESILAGLSKDTKKASTEEEVKMPPKEVVTGTISGVDVMDLEDAQKVLWKAGIYAESGMGCTGPIVMVNEAKVEEAAKILKDAGIVA
sp|Q9D826|SOX_MOUSE,MAAQTDFWDAIVIGAGIQGCFTAYHLAKHSKSVLLLEQFFLPHSRGSSHGQSRIIRKAYPEDFYTMMMKECYQTWAQLEREAGTQLHRQTELLLLGTKENPGLKTIQATLSRQGIDHEYLSSVDLKQRFPNIRFTRGEVGLLDKTGGVLYADKALRALQHIICQLGGTVCDGEKVVEIRPGLPVTVKTTLKSYQANSLVITAGPWTNRLLHPLGIELPLQTLRINVCYWREKVPGSYGVSQAFPCILGLDLAPHHIYGLPASEYPGLMKICYHHGDNVDPEERDCPKTFSDIQDVQILCHFVRDHLPGLRAEPDIMERCMYTNTPDEHFILDCHPKYDNIVIGAGFSGHGFKLAPVVGKILYELSMKLPPSYDLAPFRMSRFSTLSKAHL
sp|O87386|TSOXA_RHIME,MSSYRLPKRGLVDRNVPLSFTFDGRPMQGLEGDTLASALLANGRMLVGRSFKYHRPRGILTAGAAEPNALVTVGRGGRAEPNTRATMQELYEGLEARSQNRWPSLAFDIGALNGLLSPFLGAGFYYKTFMWPAPLWEKLYEPVIRRAAGLGKASYEADPDAYEKSWAHCDLLVIGAGPTGLAAALTAGRAGARVILVDEGSLPGGSLLSDTATIDGKAAADFARDTSDELRSMPNVQVLVRTTAFGWYDGNVFGAVERVQKHVREPASHLPVERLWRIVAGKALLATGAEERPLVFGGNDRPGVMMAGAMRAYLNRYGVAPGRTPAIFTTNDTGYTLAQELEAAGVDVVAIVDSRPAAGVDYRGKARLVREAVVCGTKGGKAISAIEVHHGGRTETIAVDALAMAGGFDPIIHLACHRGGKPVWSAEKAAFLAPGSLKGLEVAGGAAATTGLAACLGEGAARAEAIVRELGLPCPPVAVVKVESEEGIRSPAPLWSIPGIKDKAFVDFQNDVHLKDIGLAVREGYSHVELAKRYTTSGMATDQGKLSNVNAIGLIAKARGVSPAEVGTTTFRPFYTPVSFGALTGAHTGHHFQPVRKSPLHDWAKKHGAVFVETGLWYRSSWFPRSGERTWRESVEREVLNVRKNAGLCDVSMLGKIEITGSDAAEFLNRVYCNAFLKLPVGKARYGLMLREDGFIYDDGTTSRLEENRFFMTTTTAYAAGVMNHLEFCAQVLWPQLDVRLASITDQWAQMAIAGPKARMILQKIVDEDISDAAFPFLAAKEVSLFGGALHGCLFRISFSGELAYELAVPAGYGESIADALLEAGKDHGIMPYGVETLSVLRIEKGHVTHNEINGTIVPADLGFGKMVSAGKPDFVGKAMLQREGLTAPDRPQLVGVVPLDPQQSFRSGSHILAKGAAATLENDEGYVTSSAYSPHVGSTIALALVRNGRNRHGEEVLVWSGLHGESTPARLCNPVFFDPQNERLHV
sp|O87387|TSOXD_RHIME,MASLVPCPNCGRRPKEEFTIKGAALSRPEADADSIDWFDYVYLRENPRGAYEEYWHHTSGCRRWLVVARDTVTHEIAACCDAAGRARSEARK
sp|P23342|MSOX_BACSN,MSTHFDVIVVGAGSMGMAAGYYLAKQGVKTLLVDSFDPPHTNGSHHGDTRIIRHAYGEGREYVPFALRAQELWYELEKETHHKIFTQTGVLVYGPKGGSAFVSETMEAANIHSLEHELFEGKQLTDRWAGVEVPDNYEAIFEPNSGVLFSENCIQAYRELAEAHGATVLTYTPVEDFEVTEDLVTIKTAKGSYTANKLVVSMGAWNSKLLSKLDVEIPLQPYRQVVGFFECDEAKYSNNAHYPAFMVEVENGIYYGFPSFGGSGLKIGYHSYGQQIDPDTINREFGAYPEDEANLRKFLEQYMPGANGELKKGAVCMYTKTPDEHFVIDLHPKYSNVAIAAGFSGHGFKFSSVVGETLAQLATTGKTEHDISIFSLNRDALKKEAVK
sp|P40854|MSOX_STRSB,MSPTYDVIVIGLGGMGSAAAHHLSARGARVLGLEKFGPVHNRGSSHGGSRITRQSYFEDPAYVPLLLRAYELYEELERATGRNVATLCGGVMAGPPDSRTVSGSLRSATEWDLAHEMLDAKEIRRRFPTLAPDDDEVALFEAKAGLLRPENMVAAHLQLATRQGAELRFEEPVLRWEPYRDGVRVHTGENTYTAGQLVICPGAWAPQLLADIGVPITVERQIMYWFQPKGGTGPFVPERHPVYIWEDADGVQVYGFPAIDGPEKGAKVAFFRKGQHTTPETIDRTVHAHEVRAMADHMSALIPDLPGTFLKAATCMYSNTPDEHFVIARHPAHPESVTVACGFSGHGFKFVPVVGEILADLALTGATAHPIGLFDPARLTAPAARGVQP
sp|Q46336|TSOXD_CORS1,MMLIECPNCGPRNETEFSYGGQAHVAYPEDPNALSDKEWSRYLFYRENSKGIFAERWVHSGGCRKWFNALRDTATYEFKAVYRAGEPRPELNTQGGSR
sp|Q52671|TSOXB_RHOCB,MRRYSIFAVAREALRYHSGWEKAWASPEPKKRYDVIVVGAGGHGLATAYYLGKVHGIKNVAIIEKGWLGGGNTGRNTTIIRSNYLQDPSAAIYEKARSLYEGLSQDLNYNVMFSPRGLLMLAQSEHEMRGYKRTVYANNLQNVETRWIEPKEVKKLVPILNIAGPRYPVLGALLQEKGGTARHDAVAWGYARACSDMGMDLLQNTEVTGVRTEGGRVVGVDTSRGSIDCGKLAIVVAGHSSVLAGMAGFRLPIESMALQAWVSEPIKPTIDVVVMANLVHGYMSQSDKGELVIGGGTDGFNNYSQRGSWHHVEETTRALIETFPVISRLKMLRQWGGIVDMTGDRSPILSKTPVDGIFVNCGWGTGGFKAIPGSGFAMAELVAKGYSPLAAEFGLHRFKEGQFIDESVAAGVAH
sp|Q99LB7|SARDH_MOUSE,MASLSRVLRVAATCPRGRAAWNLGLQPLATEARPTTEKSVPYQRTLKEEAQGASVVPQGPSQPLPSTANVVVIGGGSLGCQTLYHLAKLGVGGAVLLERERLTSGTTWHTAGLLWQLRPSDVEVELLAHTRQVVSRDLEEETGLHTGWIQNGGLFIASNQQRLNEYKRLMSLGKAYGIESHVLSPAETKSLYPLMNVDDLYGTLYVPQDGTMDPAGTCTTLTRAAVARGAQVIENCAVTGIRVRTDDFGVRRVAAVETEHGSIQTPCVVNCAGVWASKVGRMAGVKVPLVAMHHAYVVTERIEGIQNMPNVRDHDASVYLRLQGDALSVGGYEANPIFWEEVSDKFAFGLFDLDWDVFTQHIEGAINRVPVLEKTGIKSTVCGPESFTPDHKPLMGEAPELRGFFLGCGFNSAGMMLGGGCGQELAHWIVHGRPEKDMYSYDIRRFHHSLTDHTRWIRERSHESYAKNYSVVFPHDEPLAGRNMRRDPLHEELLGQGCVFQERQGWERPGWFNPQETAQVLDYDYYGAYGNQAHKDYTYSRLLGDEYTFDFPPHHHMIQKECLACRGAAAVFNMSYFGKFYLLGVDARKAADWLFSADVNRPPGSTVYTCMLNQRGGTESDLTVSRLAPGTQASPLVPAFEGDCYYLAVGGAVAQHNWSHINTVLQDQEFRCQLMDSSEDLGMLSIQGPASRDILQDVLDADLSNEAFPFSTHQLVRAAGHLVRAIRLSFVGELGWELHVPRASCLPVYRAVMAAGARHGLVNAGYRAIDSLSIEKGYRHWHADLRPDDSPLEAGLAFTCKLKTSVPFLGREALEKQRATGLRRRLICLTVEEEVPMFGLEAIWRNGQVVGHVRRADFGFTVNKTIAYGYIRDPSGGPVSLDFVKNGEYALERMGVTYAAQVHLKSPFDPDNKRVKGIY
sp|Q9AGP0|TSOXG_ARTSP,MASNTLIESTSLRRSPAEHLAEAMAQGSTAGAVVLREIAFATQVGVRAVPGSAGHAALAAALGTGLPQQVGEVAGAAEGTAVLWLGPDEFLAIAPEGSGLAGELVAALGGEPGQVIDLSANRSVLELSGPAAPLVLRKSCPADLHPRAFGVNRAIATTLANIPVLLWRTGEQSWYVLPRVFFTEHTVHWLIDAMTEFASPTVA
sp|Q9AGP1|TSOXA_ARTSP,MSQNKSYRLPAEQSPAARIDRGEALVLSVDGKQLDAFRGDTVASAMLANGQRSCGNSMYLDRPRGIFSAGVEEPNALVTVAARHEEDINESMLAATTVPVTANLSATLLRGLGVLDPSTDPAYYDHVHVHTDVLVVGAGPAGLAAAREASRSGARVLLLDERAEAGGSLRDAAGEQIDGQDAAAWIDATAAELASAAETTHLQRTTVLGSYDANYVIAAQRRTVHLDAPSGAGVSRERIWHIRANQVVLATGAHERPIVFQNNDRPGIMLAGAVRSYLNRYGVRAGTRIVVATTNDSAYPLVADLAASGGVVAVVDARTTVSAAAAEAVGAGVRVITGSVVADTEANESGELSAVVVAELGEDRELGAPQRFEADVLAVAGGFNPVVHLHSQRQGKLVWDTSIHAFVPDTAVANQHLAGALTGLFDTASALSTGAATGAAAATAAGFERIAQVPQALAVPAGEARPVWLVPSLNGDQAANYTTHFVDLQRDQTVSDVLRATGAGLESVEHIKRYTSISTANDQGKTSGVAAIGVIAAVLGIENPAEIGTTTFRAPYTPVSFAALAGRTRGALLDPARITPMHSWHLAHGAAFEDVGQWKRAWYFPQDGEDMDAAVYRESKAVRDSVGMLDATTLGKIEIRGKDAAEFLNRIYTNGYTKLKVGMARYGVMCKADGMVFDDGVTLRLAEDRFLMHTTTGGAAGVLDWLEEWLQTEWPELDVTCTSVTEQLATVAVVGPRSRDVVAKLASGLDVSNEAFKFMSFRDVTLDSGIEARISRISFSGELAYEIAIPSWHGLRVWKDVFAAGQEFNITPYGTETMHVLRAEKGFIIVGQDTDGTVTPQDAGMEWVVSKLKDFVGKRSFARADNLREDRKHLVSVLPVDTTLRLAEGAALVADGAVETGGCTPMEGWVTSSYNSPALGRTFGLALIKNGRSRIGEVLKTPVNGQLVDVLVSDLVLFDPEGSRRDG
sp|Q9AGP2|TSOXD_ARTSP,MMLIECPNCGPRNETEFSYGGQAHVAYPEDPNTLSDKEWSRYLFYRGNSKGIFAERWVHSGGCRKWFNALRDTATYEFKAVYRAGEPRPELNTQGGSR
sp|Q9AGP3|TSOXB_ARTSP,MADLLPEHPEFLWANPEPKKSYDVVIVGGGGHGLATAYYLAKNHGITNVAVLEKGWLAGGNMARNTTIIRSNYLWDESAGIYEKSLKLWEQLPEELDYDFLFSQRGVLNLAHTLGDVRESIRRVEANKFNGVDAEWLTPEQVKEVCPIINIGDDIRYPVMGATYQPRAGIAKHDHVAWAFARKANEMGVDIIQNCEVTGFLKDGEKVTGVKTTRGTIHAGKVALAGAGHSSVLAELAGFELPIQSHPLQALVSELFEPVHPTVVMSNHIHVYVSQAHKGELVMGAGIDTYNGYGQRGAFHVIEEQMAAAVELFPIFARAHVLRTWGGIVDTTMDALPIISKTPIQNLYVNCGWGTGGFKGTPGAGFTLAHTIANDEAHALNAPFSLERFETGHLIDEHGAAAVAH
