sp|P92994|TCMO_ARATH,MDLLLLEKSLIAVFVAVILATVISKLRGKKLKLPPGPIPIPIFGNWLQVGDDLNHRNLVDYAKKFGDLFLLRMGQRNLVVVSSPDLTKEVLLTQGVEFGSRTRNVVFDIFTGKGQDMVFTVYGEHWRKMRRIMTVPFFTNKVVQQNREGWEFEAASVVEDVKKNPDSATKGIVLRKRLQLMMYNNMFRIMFDRRFESEDDPLFLRLKALNGERSRLAQSFEYNYGDFIPILRPFLRGYLKICQDVKDRRIALFKKYFVDERKQIASSKPTGSEGLKCAIDHILEAEQKGEINEDNVLYIVENINVAAIETTLWSIEWGIAELVNHPEIQSKLRNELDTVLGPGVQVTEPDLHKLPYLQAVVKETLRLRMAIPLLVPHMNLHDAKLAGYDIPAESKILVNAWWLANNPNSWKKPEEFRPERFFEEESHVEANGNDFRYVPFGVGRRSCPGIILALPILGITIGRMVQNFELLPPPGQSKVDTSEKGGQFSLHILNHSIIVMKPRNC,1
sp|O49342|C71AD_ARATH,MEMILSISLCLTTLITLLLLRRFLKRTATKVNLPPSPWRLPVIGNLHQLSLHPHRSLRSLSLRYGPLMLLHFGRVPILVVSSGEAAQEVLKTHDHKFANRPRSKAVHGLMNGGRDVVFAPYGEYWRQMKSVCILNLLTNKMVESFEKVREDEVNAMIEKLEKASSSSSSENLSELFITLPSDVTSRVALGRKHSEDETARDLKKRVRQIMELLGEFPIGEYVPILAWIDGIRGFNNKIKEVSRGFSDLMDKVVQEHLEASNDKADFVDILLSIEKDKNSGFQVQRNDIKFMILDMFIGGTSTTSTLLEWTMTELIRSPKSMKKLQDEIRSTIRPHGSYIKEKEVENMKYLKAVIKEVLRLHPSLPMILPRLLSEDVKVKGYNIAAGTEVIINAWAIQRDTAIWGPDAEEFKPERHLDSGLDYHGKNLNYIPFGSGRRICPGINLALGLAEVTVANLVGRFDWRVEAGPNGDQPDLTEAIGIDVCRKFPLIAFPSSVV,1
sp|Q27606|CP4E2_DROME,MWFVLYIFLALPLLLVAYLELSTFRRRRVLNKFNGPRGLPLMGNAHQMGKNPSEILDTVFSWWHQYGKDNFVFWIGTYSNVLVTSSKYLEFILSSQTLITKSDIYQLTHPWLGLGLLTSTGSKWHKHRKMITPAFHFNILQDFHEVMNENSTKFIKHLKTVAAGDNIFDFQEQAHYLTLDVICDTAMGVSINAMENRSSSIVQAFKDMCYNINMRAFHPLKRNELLYRLAPDYPAYSRTLKTLQDFTNEIIAKRIEAHKSGAVSTNAGDEFTRKKMAFLDTLLSSTIDGRPLNSKELYEEVSTFMFEGHDTTTSGVSFAVYLLSRHQDEQRKLFKEQREVMGNSELGRDATFQEISQMKYLDLFIKEAQRVYPSVPFIGRFTEKDYVIDGDLVPKGTTLNLGLVMLGYNEKVFKDPHKFRPERFELEKPGPFEYVPFSAGPRNCIGQKFALLEIKTVVSKIIRNFEVLPALDELVSKDGYISTTIGLPDAERKKRDPYRHKYDPILSAVLTLKSENGLYIRLKERH,2
sp|Q9SZU1|C81F4_ARATH,MFNYVIILPLALFLLAYKFFFTSKKQRYYLPPSPSYSLPILGHHLLIKPPVHRLFHRLSNIHGPIFYLRLGSRRAVVISSSSLARECFTGQNDVIVSNRPRFLTSKYIAYNYTTIATTSYGDHWRNLRRICSLEIVSSKRLANFLHIRKEEIQRMLTRLSRDARVGKEVELESILYDLTFNNIVRMVTGKIYYGDDVSDKEEAELFKKLFTFITTNSGARHPGEYLPFMKIFGGSFEKEVKAAAKVIDEMLQRLLDECKSDKDGNTMVNHLLSLQQDDPEYYTDIIIKGLMLGIMVASSETSALTIEWAMASLLNHPKVLDKVKLEIDEIIGQDRLIEESDIANLPYLQNVVSETLRLHPAAPVLVPRSTAEDIKIGGYDVPRDTMVMVNAWAIHRDPDLWTEPERFNPERFNGGEGEKDDVRMLIAFGSGRRICPGVGLAHKIVTLALGSLIQCFDWKKVNEKEIDMSEGPGMAMRMMVPLRALCKTRPIMNKLPAYTKV,1
sp|Q9FI39|THAD_ARATH,MASMITVDFENCFIFLLLCLFSRLSYDLFFRKTKDSRAGCALPPSPPSLPIIGHLHLILFVPIHQSFKNISSKYGPLLHLRFFNFPIVLVSSASTAYEIFKAQDVNVSSRPPPPIEESLILGSSSFINTPYGDYSKFMKKFMVQKLLGPQALQRSRNIRADELERFYKTLLDKAMKKQTVEIRNEAMKLTNNTICKMIMGRSCSEENGEAETVRGLVTESIFLTKKHFLGAMFHKPLKKLGISLFAKELMNVSNRFDELLEKILVEHEEKLQEHHQTSDMLDMLLEAYGDENAEYKITRDQIKSLFVDLFSAGTEASANTIQWTMAEIIKNPKICERLREEIDSVVGKTRLVQETDLPNLPYLQAIVKEGLRLHPPGPVVRTFKETCEIKGFYIPEKTRLFVNVYAIMRDPDFWEDPEEFKPERFLASSRLGEEDEKREDMLKYIPFGSGRRACPGSHLAYTVVGSVIGMMVQHFDWIIKGEKINMKEGGTMTLTMAHPLKCTPVPRNLNT,1
sp|Q9SZU1|C81F4_ARATH,MFNYVIILPLALFLLAYKFFFTSKKQRYYLPPSPSYSLPILGHHLLIKPPVHRLFHRLSNIHGPIFYLRLGSRRAVVISSSSLARECFTGQNDVIVSNRPRFLTSKYIAYNYTTIATTSYGDHWRNLRRICSLEIVSSKRLANFLHIRKEEIQRMLTRLSRDARVGKEVELESILYDLTFNNIVRMVTGKIYYGDDVSDKEEAELFKKLFTFITTNSGARHPGEYLPFMKIFGGSFEKEVKAAAKVIDEMLQRLLDECKSDKDGNTMVNHLLSLQQDDPEYYTDIIIKGLMLGIMVASSETSALTIEWAMASLLNHPKVLDKVKLEIDEIIGQDRLIEESDIANLPYLQNVVSETLRLHPAAPVLVPRSTAEDIKIGGYDVPRDTMVMVNAWAIHRDPDLWTEPERFNPERFNGGEGEKDDVRMLIAFGSGRRICPGVGLAHKIVTLALGSLIQCFDWKKVNEKEIDMSEGPGMAMRMMVPLRALCKTRPIMNKLPAYTKV,1
sp|F4JW83|C84A4_ARATH,MLTLMTLIVLVPLLLFLFPHLLLRRQMLLKPYPPGPKGLPVIGNILMMNQFNHRGLAKLSRIYGGLLHLRLGFSHIFVVSSPDIARQVLQVQDHVFSNRPTTIAIRYLTYGGSDLAFCNYGPFWRRMRKLYVMMLFSRKRAESWVSVDEEVHKSVRLVASNVGKPLNICKLAFSLSRDITFRAAFGSSSSTSDESRLDEFLEIIQEFSKLFGEFNVADYVPSWLSWIDPQGINGRVEKARKSLDGFIESVIDDHLHKKKREHDNVDEETDMVDQLLAFYEEEVKVNNSVTKINLDNIKGIIMDVMFGGTETVALAIEWVLTEILRSPENMKRVQDELTSVVGLDRWRVEDTHLEKLTFLKCILKETLRLHPPFPLLLHETVKDTEISGYFIPKGSRVMVNTYALGRDPNSWSDPESFNPGRFLNPIAPDLKGNNFEFVPFGSGRRSCPGMQLGLYAFELAVAHLLHCFTWSLPDGMNPGDVDTVEGPGLTVPKAIPLVAVPTTRLLCPIVVS,1
sp|Q9LMM1|C86A4_ARATH,MEISNAMLLVAIVTGYWLWFKRISRWLKGPRVWPLLGSLPGLIEQRDRMHEWITENLRACGGTYQTCIFAVPFLAKKQGLVTVTCDPKNLEHMLKTRFDNYPKGPTWQSVFHDLLGQGIFNSDGDTWLFQRKTAALEFTTRTLRQAMGRWVNRGIKLRFCPILATAQDNAEPVDLQDLILRLTFDNICGLAFGKDTRTCAPGLPENGFASAFDRATEASLQRFIIPKFMWKLKKWLGLGLEVSLSRSLGEIDEYLAAVINTRKQELMSQQESGTHQRHDDLLSRFMMKKTESYSDTFLQHVALNFILAGRDTSSVALSWFFWLITMHPTVEDKIVREICSVLIETRGTDDVASWTEEPLGFDEIDRLVYLKAAISETLRLYPSVPEDSKHVENDDVLPDGTFVPAGSSVTYSIYAAGRMKSTWGEDCLEFNPERWISPIDGKFINHDQYRFVAFNAGPRICLGKDLAYLQMKTIAAAVLLRHRLTVVPGHKVEQKMSLTLFMKNGLLVNLYKRDLQGIIKSLVVKKSDGVSNGQCNGVIGEGVAVYLNTGVAVV,1
sp|Q9VRB3|CP6V1_DROME,MVYSTNILLAIVTILTGVFIWSRRTYVYWQRRRVKFVQPTHLLGNLSRVLRLEESFALQLRRFYFDERFRNEPVVGIYLFHQPALLIRDLQLVRTVLVEDFVSFSNRFAKCDGRSDKMGALSLFLAKQPEWREIRTRLAPAFAGAKLKQMFSLMEEIGCDLEWYLKRLTRDLRRGDAERGAIVSIKDVCDLYNTDMIASIAFGLRSYSLRNTQSEIGSHCQDLFRPNVRRIIDLFVIFYLPKLVPLLRPKLFTEPHAEFLRRVIQLVIEERERGGDLRNDLIEMLLTLKKEADLQQDKSHFTHHRDFLAAQAASFEVAGIETCSASMSFALYELAKQPLMQSRLRREIREAFASNPNGRLTYEAVARMEFLDMVVEETLRKYPIVPLLERECTPINKKRFYSLRPHAECYTRRGMPVFISNLAIHHDPKYWPDPDRFDPERFSAANKALQAPMSYMPFGAGPRNCIGMQIGLLQIKLGLVYFLHQHRVEICDRTVERIQFDAKFALLASEQRIYLKVDCL,2
sp|Q9V557|CP4P2_DROME,MMICLLWISVAILVVIHWIYKVNKDYNILAFFARRVQTKDGKPLDSLVPMIKGRTVFANCFDLLGKDTDQVFTHLRQLAKNSGDSYLQYSMGFSNFNVIDAHNAANILNHPNLITKGVIYNFLHPFLRTGVLTATEKKWHTRRSMLTRTFHLDILNQFQEIFIAESLKFVSQFQGQNEVVVSLKDRISRFTLNSICETAMGIKLDEMAEKGDRYRANFHIIDEGLTRRIVNPLYWDDCVYNMFTGHKYNAALKVVHEFSREIIAKRRVLLEEELENRRATQTADDDICVIRKKRFAMLDTLICAEKDGLIDDIGISEEVDTLMAEGYDTTSIGLVFGLMNMSLYAAEQELCYQEIQEHILDDLSNLNLSQLSKLNYLGYFIKETMRLYPSIPIMGRQTLQETELENGLILPKRSQINIHVFDIHRNPKYWESPEEFRPERFLPQNCLKRHPYAYIPFSAGQRNCIGQKYAMQEMKTLMVVILKHFKILPVIDPKSIVFQVGITLRFKNKIKVKLVRRNCV,2
sp|Q9VL92|CP4E3_DROME,MWLAVLALLVLPLITLVYFERKASQRRQLLKEFNGPTPVPILGNANRIGKNPAEILSTFFDWWYDYGKDNFLFWIGYSSHIVMTNPKQLEYILNSQQLIQKSTIYDLLHPWLGHGLLTSFGSKWHKHRKMITPSFHFNILQDFHEVMNENSAKFMTQLKKASAGDTIIDFQEHANYLTLDVICDTAMGVPINAMEQRDSSIVQAFRDMCYNINMRAFHPFKRSNRVFSLTPEFSAYQKTLKTLQDFTYDIIEKRVYALQNGGSKEDHDPSLPRKKMAFLDTLLSSTIDGRPLTRQEIYEEVSTFMFEGHDTTTSGVSFSVYLLSRHPDVQRKLYREQCEVMGHDMNRSVSFQEIAKMKYLDLFIKEAQRVYPSVPFIGRYCDKDYDINGSIVPKGTTLNLALILLGYNDRIFKDPHHFRPERFEEEKPAPFEYLPFSAGPRNCIGQKFALLELKTVISKVVRSFEVLPAVDELVSTDGRLNTYLGLAPDEKLKREAGRHKYDPILSAVLTLKSDNGLHLRLRERRS,2
sp|Q9V9L1|CP6W1_DROME,MLLLLLLGSLTIVFYIWQRRTLSFWERHGVKYIRPFPVVGCTREFLTAKVPFFEQIQKFHEAPGFENEPFVGVYMTHRPALVIRDLELIKTVMIKKFQYFNNRVLQTDPHNDALGYKNLFFARSPGWRELRTKISPVFTSGKIKQMYPLMVKIGKNLQDSAERLGSGTEVQVKDLCSRFTTDLIATIAFGVEANALQDAKSEFFYHNRAIFSLTLSRGIDFAIIFMIPALASLARVKLFSRETTKFIRSSVNYVLKERERTGEKRNDLIDILLALKREAAANPGKMSKEVDLDYLVAQAAVFQTAGFETSASTMTMTLYELAKNEALQDRLRQEIVDFFGDEDHISYERIQEMPYLSQVVNETLRKYPIVGYIERECSQPAEGERFTLEPFHNMELPHGMSIYMSTVAVHRDPQYWPDPEKYDPERFNSSNRDNLNMDAYMPFGVGPRNCIGMRLGLLQSKLGLVHILRNHRFHTCDKTIKKIEWAPTSPVMASKRDIILRVEKVSGKKDFGQK,2
sp|Q9VE00|C12A4_DROME,MLKVRSALSLIQSQKATLSLATQKRWQTNVATAEAREDSEWLQAKPFEQIPRLNMWALSMKMSMPGGKYKNMELMEMFEAMRQDYGDIFFMPGIMGNPPFLSTHNPQDFEVVFRNEGVWPNRPGNYTLLYHREEYRKDFYQGVMGVIPTQGKPWGDFRTVVNPVLMQPKNVRLYYKKMSQVNQEFVQRILELRDPDTLEAPDDFIDTINRWTLESVSVVALDKQLGLLKNSNKESEALKLFHYLDEFFIVSIDLEMKPSPWRYIKTPKLKRLMRALDGIQEVTLAYVDEAIERLDKEAKEGVVRPENEQSVLEKLLKVDRKVATVMAMDMLMAGVDTTSSTFTALLLCLAKNPEKQARLREEVMKVLPNKNSEFTEASMKNVPYLRACIKESQRLHPLIVGNARVLARDAVLSGYRVPAGTYVNIVPLNALTRDEYFPQASEFLPERWLRSPKDSESKCPANELKSTNPFVFLPFGFGPRMCVGKRIVEMELELGTARLIRNFNVEFNYPTENAFRSALINLPNIPLKFKFIDLPN,2
sp|O65790|C81F1_ARATH,MLYFILLPLLFLVISYKFLYSKTQRFNLPPGPPSRPFVGHLHLMKPPIHRLLQRYSNQYGPIFSLRFGSRRVVVITSPSLAQESFTGQNDIVLSSRPLQLTAKYVAYNHTTVGTAPYGDHWRNLRRICSQEILSSHRLINFQHIRKDEILRMLTRLSRYTQTSNESNDFTHIELEPLLSDLTFNNIVRMVTGKRYYGDDVNNKEEAELFKKLVYDIAMYSGANHSADYLPILKLFGNKFEKEVKAIGKSMDDILQRLLDECRRDKEGNTMVNHLISLQQQQPEYYTDVIIKGLMMSMMLAGTETSAVTLEWAMANLLRNPEVLEKARSEIDEKIGKDRLIDESDIAVLPYLQNVVSETFRLFPVAPFLIPRSPTDDMKIGGYDVPRDTIVMVNAWAIHRDPEIWEEPEKFNPDRYNDGCGSDYYVYKLMPFGNGRRTCPGAGLGQRIVTLALGSLIQCFEWENVKGEEMDMSESTGLGMRKMDPLRAMCRPRPIMSKLLL,1
sp|Q27589|CP4D2_DROME,MLGVVGVLLLVAFATLLLWDFLWRRRGNGILPGPRPLPFLGNLLMYRGLDPEQIMDFVKKNQRKYGRLYRVWILHQLAVFSTDPRDIEFVLSSQQHITKNNLYKLLNCWLGDGLLMSTGRKWHGRRKIITPTFHFKILEQFVEIFDQQSAVMVEQLQSRADGKTPINIFPVICLTALDIIAETAMGTKINAQKNPNLPYVQAVNDVTNILIKRFIHAWQRVDWIFRLTQPTEAKRQDKAIKVMHDFTENIIRERRETLVNNSKETTPEEEVNFLGQKRRMALLDVLLQSTIDGAPLSDEDIREEVDTFMFEGHDTTTSAISFCLYEISRHPEVQQRLQQEIRDVLGEDRKSPVTLRDLGELKFMENVIKESLRLHPPVPMIGRWFAEDVEIRGKHIPAGTNFTMGIFVLLRDPEYFESPDEFRPERFDADVPQIHPYAYIPFSAGPRNCIGQKFAMLEMKSTVSKLLRHFELLPLGPEPRHSMNIVLRSANGVHLGLKPRA,2
sp|Q9SZ46|C82C4_ARATH,MDTSLFSLFVPILVFVFIALFKKSKKPKYVKAPAPSGAWPIIGHLHLLGGKEQLLYRTLGKMADHYGPAMSLQLGSNEAFVVSSFEVAKDCFTVNDKALASRPMTAAAKHMGYNFAVFGFAPYSAFWREMRKIATIELLSNRRLQMLKHVRVSEITMGVKDLYSLWFKNGGTKPVMVDLKSWLEDMTLNMIVRMVAGKRYFGGGGSVSSEDTEEAMQCKKAIAKFFHLIGIFTVSDAFPTLSFFDLQGHEKEMKQTGSELDVILERWIENHRQQRKFSGTKENDSDFIDVMMSLAEQGKLSHLQYDANTSIKSTCLALILGGSDTSASTLTWAISLLLNNKEMLKKAQDEIDIHVGRDRNVEDSDIENLVYLQAIIKETLRLYPAGPLLGPREAMEDCTVAGYYVPCGTRLIVNVWKIQRDPKVYMEPNEFRPERFITGEAKEFDVRGQNFELMPFGSGRRSCPGSSLAMQVLHLGLARFLHSFDVKTVMDMPVDMSENPGLTIPKATPLEVLISPRIKEELFV,1
sp|Q9SAA9|CP511_ARATH,MELDSENKLLKTGLVIVATLVIAKLIFSFFTSDSKKKRLPPTLKAWPPLVGSLIKFLKGPIIMLREEYPKLGSVFTVNLVHKKITFLIGPEVSAHFFKASESDLSQQEVYQFNVPTFGPGVVFDVDYSVRQEQFRFFTEALRVNKLKGYVDMMVTEAEDYFSKWGESGEVDIKVELERLIILTASRCLLGREVRDQLFDDVSALFHDLDNGMLPISVLFPYLPIPAHRRRDRAREKLSEIFAKIIGSRKRSGKTENDMLQCFIESKYKDGRQTTESEVTGLLIAALFAGQHTSSITSTWTGAYLMRYKEYFSAALDEQKNLIAKHGDKIDHDILSEMDVLYRCIKEALRLHPPLIMLMRASHSDFSVTARDGKTYDIPKGHIVATSPAFANRLPHIFKDPDTYDPERFSPGREEDKAAGAFSYIAFGGGRHGCLGEPFAYLQIKAIWSHLLRNFELELVSPFPEIDWNAMVVGVKGNVMVRYKRRQLS,1
sp|Q9W223|CP6D2_DROME,MWTILLTILIAGLLYRYVKRHYTHWQRLGVDEEPAKIPFGVMDTVMKQERSLGMALADIYARHEGKIVGIYMLNKRSILIRDAQLARQIMTSDFASFHDRGVYVDEDKDPLSANLFNLRGASWRNLRQKLTPSFSSGKIKGMFGTIDDVGDKLVQHLEGALDQSDEVEIKDVMTTYAVDIIGSVIFGLEIDSFRNPKNEFREISSSTSRDESLLLKIHNMSMFICPPIAKLMNRLGYESRILTSLRDMMKRTIEFREEHNVVRKDMLQLLIRLRNTGKIGEDDDQVWDMETAQEQLKSMSIEKIAAQAFLFYVAGSESTAAASAFTLYELSMYPELLKEAQEEVDAVLMKHNLKPKDRFTYEAVQDLKFLDICIMETIRKYPGLPFLNRECTEDYPVPGTNHIIAKGTPILISLFGMQRDPVYFPNPNGYDPHRFDSNNMNYDQAAYMPFGEGPRHCIALRMGKVNSKVAVAKILANFDLVQSPRKEVEFRFDAAPVLVTKEPLKLRLTKRK,2
sp|O23365|C97B3_ARATH,MVAAMAFPAAATYPTHFQGGALHLGRTDHCLFGFYPQTISSVNSRRASVSIKCQSTEPKTNGNILDNASNLLTNFLSGGSLGSMPTAEGSVSDLFGKPLFLSLYDWFLEHGGIYKLAFGPKAFVVISDPIIARHVLRENAFSYDKGVLAEILEPIMGKGLIPADLDTWKLRRRAITPAFHKLYLEAMVKVFSDCSEKMILKSEKLIREKETSSGEDTIELDLEAEFSSLALDIIGLSVFNYDFGSVTKESPVIKAVYGTLFEAEHRSTFYFPYWNFPPARWIVPRQRKFQSDLKIINDCLDGLIQNAKETRQETDVEKLQERDYTNLKDASLLRFLVDMRGVDIDDRQLRDDLMTMLIAGHETTAAVLTWAVFLLSQNPEKIRKAQAEIDAVLGQGPPTYESMKKLEYIRLIVVEVLRLFPQPPLLIRRTLKPETLPGGHKGEKEGHKVPKGTDIFISVYNLHRSPYFWDNPHDFEPERFLRTKESNGIEGWAGFDPSRSPGALYPNEIIADFAFLPFGGGPRKCIGDQFALMESTVALAMLFQKFDVELRGTPESVELVSGATIHAKNGMWCKLKRRSK,1
sp|Q96242|CP74A_ARATH,MASISTPFPISLHPKTVRSKPLKFRVLTRPIKASGSETPDLTVATRTGSKDLPIRNIPGNYGLPIVGPIKDRWDYFYDQGAEEFFKSRIRKYNSTVYRVNMPPGAFIAENPQVVALLDGKSFPVLFDVDKVEKKDLFTGTYMPSTELTGGYRILSYLDPSEPKHEKLKNLLFFLLKSSRNRIFPEFQATYSELFDSLEKELSLKGKADFGGSSDGTAFNFLARAFYGTNPADTKLKADAPGLITKWVLFNLHPLLSIGLPRVIEEPLIHTFSLPPALVKSDYQRLYEFFLESAGEILVEADKLGISREEATHNLLFATCFNTWGGMKILFPNMVKRIGRAGHQVHNRLAEEIRSVIKSNGGELTMGAIEKMELTKSVVYECLRFEPPVTAQYGRAKKDLVIESHDAAFKVKAGEMLYGYQPLATRDPKIFDRADEFVPERFVGEEGEKLLRHVLWSNGPETETPTVGNKQCAGKDFVVLVARLFVIEIFRRYDSFDIEVGTSPLGSSVNFSSLRKASF,1
sp|Q9V769|C6A22_DROME,MLDVVALLLIALAVGFWFVRTRYSYWTRRGIGSEPARFPVGNMEGFRKNKHFIDIVTPIYEKFKGNGAPFAGFFMMLRPVVLVTDLELAKQILIQDFANFEDRGMYHNERDDPLTGHLFRIDGPKWRPLRQKMSPTFTSAKMKYMFPTVCEVGEELTQVCGELADNAMCGILEIGDLMARYTSDVIGRCAFGVECNGLRNPEAEFAIMGRRAFSERRHCKLVDGFIESFPEVARFLRMRQIHQDITDFYVGIVRETVKQREEQGIVRSDFMNLLIEMKQRGELTIEEMAAQAFIFFAAGFDTSASTLGFALYELAKQPALQAKLREEIDQALRLHNGEFTYDSMQELRYMELVIAETLRKYPILPQLTRISRHLYAAKGDRHFYIEPGQMLLIPVYGIHHDPALYPEPHKFIPERFLADQLAQRPTAAWLPFGDGPRNCIGMRFGKMQTTIGLVSLLRNFHFSVCPRTDPKIEFLKSNILLCPANGIYLKVQQLSQMSS,2
sp|P33270|CP6A2_DROME,MFVLIYLLIAISSLLAYLYHRNFNYWNRRGVPHDAPHPLYGNMVGFRKNRVMHDFFYDYYNKYRKSGFPFVGFYFLHKPAAFIVDTQLAKNILIKDFSNFADRGQFHNGRDDPLTQHLFNLDGKKWKDMRQRLTPTFTSGKMKFMFPTVIKVSEEFVKVITEQVPAAQNGAVLEIKELMARFTTDVIGTCAFGIECNTLRTPVSDFRTMGQKVFTDMRHGKLLTMFVFSFPKLASRLRMRMMPEDVHQFFMRLVNDTIALRERENFKRNDFMNLLIELKQKGRVTLDNGEVIEGMDIGELAAQVFVFYVAGFETSSSTMSYCLYELAQNQDIQDRLRNEIQTVLEEQEGQLTYESIKAMTYLNQVISETLRLYTLVPHLERKALNDYVVPGHEKLVIEKGTQVIIPACAYHRDEDLYPNPETFDPERFSPEKVAARESVEWLPFGDGPRNCIGMRFGQMQARIGLAQIISRFRVSVCDTTEIPLKYSPMSIVLGTVGGIYLRVERI,2
sp|A0A2H5AJ00|C96T1_NARPS,MATSSSAWLIFSDHYREILIAIACLVVFSLLRSARSSSKGGLPYNWPIFGMLPAIISNNQFNDFTTARLRKMGWTFIFKGPWLLDMDYIFTCDPSNINHMFNDNFENYPKGELGKVFDIFGNNIFNADGDLWHDHRKMAQTILWDGNYRTMQATFIRNKMDNALIPILDSAACKRNPVDLQDVLLRFTFDTSCFSVLAADPESLTMEFPPVPFSKAADQALDAALTRHITPRLIWKLKRFFNVGSERTLAVAWKVIDSYIYDKIAELKAKRKLVGKINSYDAVSFYMDNFNIHDDKFLRDNAFTYLLAQRNTQSLTMTWLFYALFENPKVELKILSELKSIVDESSERKFNDGFALFDSNMIQSAIYLHATLCEALRIYPPVPFEIKDAHKADVLPSGHKVRAGEKILFSPYAMARMKGIWGDDCLEFKPERWITGNGTLKHEPAYKFFAFSAGPRICLGKELSFTQMKMVVATIIYNFHLQMVKGHVVEQSNSILMDMKHGLMVQVRKRSVM,1
sp|O22203|C98A3_ARATH,MSWFLIAVATIAAVVSYKLIQRLRYKFPPGPSPKPIVGNLYDIKPVRFRCYYEWAQSYGPIISVWIGSILNVVVSSAELAKEVLKEHDQKLADRHRNRSTEAFSRNGQDLIWADYGPHYVKVRKVCTLELFTPKRLESLRPIREDEVTAMVESVFRDCNLPENRAKGLQLRKYLGAVAFNNITRLAFGKRFMNAEGVVDEQGLEFKAIVSNGLKLGASLSIAEHIPWLRWMFPADEKAFAEHGARRDRLTRAIMEEHTLARQKSSGAKQHFVDALLTLKDQYDLSEDTIIGLLWDMITAGMDTTAITAEWAMAEMIKNPRVQQKVQEEFDRVVGLDRILTEADFSRLPYLQCVVKESFRLHPPTPLMLPHRSNADVKIGGYDIPKGSNVHVNVWAVARDPAVWKNPFEFRPERFLEEDVDMKGHDFRLLPFGAGRRVCPGAQLGINLVTSMMSHLLHHFVWTPPQGTKPEEIDMSENPGLVTYMRTPVQAVATPRLPSDLYKRVPYDM,1
sp|O65782|C83B1_ARATH,MDLLLIIAGLVAAAAFFFLRSTTKKSLRLPPGPKGLPIIGNLHQMEKFNPQHFLFRLSKLYGPIFTMKIGGRRLAVISSAELAKELLKTQDLNFTARPLLKGQQTMSYQGRELGFGQYTAYYREMRKMCMVNLFSPNRVASFRPVREEECQRMMDKIYKAADQSGTVDLSELLLSFTNCVVCRQAFGKRYNEYGTEMKRFIDILYETQALLGTLFFSDLFPYFGFLDNLTGLSARLKKAFKELDTYLQELLDETLDPNRPKQETESFIDLLMQIYKDQPFSIKFTHENVKAMILDIVVPGTDTAAAVVVWAMTYLIKYPEAMKKAQDEVRSVIGDKGYVSEEDIPNLPYLKAVIKESLRLEPVIPILLHRETIADAKIGGYDIPAKTIIQVNAWAVSRDTAAWGDNPNEFIPERFMNEHKGVDFKGQDFELLPFGSGRRMCPAMHLGIAMVEIPFANLLYKFDWSLPKGIKPEDIKMDVMTGLAMHKKEHLVLAPTKHI,1
sp|Q9VRI9|CP6T1_DROME,MIAVFSLIAAALAVGSLVLLPVVLRGGCLLVVTIVWLWQILHFWHWRRLGVPFVPAAPFVGNVWNLLRGACCFGDQFRELYESKEAAGRAFVGIDVLHNHALLLRDPALIKRIMVEDFAQFSSRFETTDPTCDTMGSQNLFFSKYETWRETHKIFAPFFAAGKVRNMYGLLENIGQKLEEHMEQKLSGRDSMELEVKQLCALFTTDIIASLAFGIEAHSLQNPEAEFRRMCIEVNDPRPKRLLHLFTMFFFPRLSHRVGTHLYSEEYERFMRKSMDYVLSQRAESGENRHDLIDIFLQLKRTEPAESIIHRPDFFAAQAAFLLLAGFDTSSSTITFALYELAKNTTIQDRLRTELRAALQSSQDRQLSCDTVTGLVYLRQVVDEVLRLYPPTAFLDRCCNSRTGYDLSPWNGGSPFKLRAGTPVYISVLGIHRDAQYWPNPEVFDPERFSAEQRQQHHPMTYLPFGAGPRGCIGTLLGQLEIKVGLLHILNHFRVEVCERTLPEMRFDPKAFVLTAHNGTYLRFVKNSL,2
sp|Q9V774|C6A21_DROME,MSVGTVLLTALLALVGYLLMKWRSTMRHWQDLGIPCEEPHILMGSMKGVRTARSFNEIWTSYYNKFRGSGPFAGFYWFRRPAVFVLETSLAKQILIKEFNKFTDRGFFHNPEDDPLSGQLFLLDGQKWRTMRNKLSSTFTSGKMKYMFPTVVKVANEFTDVFGQNVAKSPVVEVRELLARFTTDVIGTCAFGIECSSLKDPDAEFREMGRRSLTEQRLGPVGIGFVNSFPNLARRLHMKMTAEPIERFFMRIVRETVAFREQNNIRRNDFMDQLIDLKNKPLMVSQSGESVNLTIEEIAAQAFVFFAAGFETSSTTMGFALYELAQNQDIQNRVRKECQEVIEKCNGELNYESMKDLVYLDQVVSETLRLYTVLPVLNRECLEDYEVPGHPKYVIKKGMPVLIPCGAMHRDEKLYANPNTFNPDNFSPERVKERDSVEWLPFGDGPRNCIGMRFGQMQARIGLALLIKDFKFSVCEKTTIPMTYNKEMFLIASNSGIYLKAERV,2
sp|A0A140IL92|C96T3_NARAP,MATSSSAWLIFSDHYPEILIAIACFLIFSLLLSARSSSEDSLPYNWPIFGMLPAIISNSQFNDFTTARLRKMGWTFIFKGPWLLDMDYIFTCDPSNINHMFNDNFENYPKGELGKVFDIFGNNIFNADGDLWHDHRKMAQTILWDGNYRTMQATFIRNKMDNALIPILDSAASKRKPVDLQDVFFRFTFDTSCFSVLAADPESLTMEFPAVPFSKAADQALDAALTRHITPRLIWKLKRFFNVGSERTLAVAWKVIDSYIYDKIAELKAKRKLVGKINSYDAVSFYMDNFNIHDDKFLRDNAFTYLLAQRNTQSLTMAWLFYALFENPKVELKILSELKSIVDESSERRFNDGFALFDSNMIQSAIYLHATLCEALRIYPPVPFEIKDAHKADVLPSGHKVRAGEKILFSPYAMARMKGIWGDDCLEFKPERWITGNGTLKHEPAYKFFAFSAGPRICLGKELSFTQMKMVVATIIYNFHLQMVKGHVVEQSNSILMDMKHGLMVQVRKRSVM,1
sp|A0A2H5AIZ9|C96T2_NARPS,MATSSSAWLMFSDHYPEILIAIACFLIFSLLLSARSSSKDSLPYNWPIFGMLPAIISNNQFNDFTTARLRKMGWTFIFKGPWLLDMDYIFTCDPSNINHMFNDNFENYPKGELGKVFDIFGNNIFNADGDLWHDHRKMAQTILWDGNYRTMQATFIRNKMDNALIPILDSAACKRKPVDLQDVLLRFTFDTSCFSVLAADPESLTMEFPPVPFSKAADQALDAALTRHITPRLIWKLKRFFNVGSERTLAVAWKVIDSYIYDKIAELKAKRKLVGKINSYDAVSFYMDNFNIHDDKFLRDNAFTYLLAQRNTQSLTMTWLFYALFENPKVELKILSELKSIVDESSERKFNDGFALFDSNMIQSAIYLHATLCEALRIYPPVPFEIKDAHKADVLPSGHKVRAGEKILFSPYAMARMKGIWGDDCLEFKPERWITGNGTLKHEPAYKFFAFSAGPRICLGKELSFTQMKMVVATIIYNFHLQMVKGHVVEQSNSILMDMKHGLMVQVRKRSVM,1
sp|P82711|C6A19_DROME,MAILLGLVVGVLTLVAWWVLQNYTYWKRRGIPHDPPNIPLGNTGELWRTMPLAGILKRTYLKFRKQTDGPFAGFYLYAMKYIVITDVDFVKTVLIRDFDKFHDRGVYHNEKDDPLTNNLATIEGQKWKNLRQKLTHTFTSAKMKSMFSTVLNVGDEMIRVVDEKISSSSQTLEVTDIVSRFTSDVIGICAFGLKCNSLRDPKAEFVQMGYSALRERRHGWLVDLLIFGMPKLAVKLGFQFLLPSVQKFYMKIVQDTIDYRMKRKVTRNDFMDTLIDMKQQYDKGDKENGLAFNEVAAQAFVFFLAGFEAGSTTMGFTLYELACNQDVQDKLRAEIDSVLERYNGKLEYDSMQDLFYMEKVINESLRKHPVVAHLARIATKPYQHSNPKYFIEAGTGVLVSTLGIHHDPEFYPEPEKFIPERFDEEQVKKRPTCAFLPFGAGPRNCIGLRFGRMQVIIGLALLIHNFRFELHPKTPVPMKYTINNLLLGSEGGIHLNITKVVRD,2
sp|O46054|C4AE1_DROME,MLVVLLVALLVTRLVASLFRLALKELRHPLQGVVPSVSRVPLLGAAWQMRSFQPDNLHDKFAEYVKRFGRSFMGTVLGHVVMVTAEPRHIDALLQGQHQLKKGTMYFALRGWLGDGLLLSRGKEWHTMRKIITPTFHFSILEQFVEVFDRQSSILVERLRTLSYGNEVVNIYPLVGLAALDIITETAMGVNVDAQGADSEVVHAVKDLTNILATRFMRPHLLFPHLFRLCWPSGFRKQQAGVICLHEFTNGIIEQRRRLLAREANQDKPTKPHALLDTLLRATVDGQPLTDKQIRDEVNTFIFEGHDTTTSAVSFCLYLLSRHEAVQQKLFEELRMHYGQDLFRGVILSDFATLPYLSCVVKESLRLYPPIPAVARCLEKDLVIDEGYIPVGTNVVVLLWQLLRDEAIFTDPLVFQPERHLGEEAPRLSPYSYIPFSAGPRNCIGQKFALLEMKTMVTKVIRHYQLLPMGADVEPSIKIVLRSKSGVNVGLRPRLY,2
sp|Q9V3S0|CP4G1_DROME,MAVEVVQETLQQAASSSSTTVLGFSPMLTTLVGTLVAMALYEYWRRNSREYRMVANIPSPPELPILGQAHVAAGLSNAEILAVGLGYLNKYGETMKAWLGNVLLVFLTNPSDIELILSGHQHLTKAEEYRYFKPWFGDGLLISNGHHWRHHRKMIAPTFHQSILKSFVPTFVDHSKAVVARMGLEAGKSFDVHDYMSQTTVDILLSTAMGVKKLPEGNKSFEYAQAVVDMCDIIHKRQVKLLYRLDSIYKFTKLREKGDRMMNIILGMTSKVVKDRKENFQEESRAIVEEISTPVASTPASKKEGLRDDLDDIDENDVGAKRRLALLDAMVEMAKNPDIEWNEKDIMDEVNTIMFEGHDTTSAGSSFALCMMGIHKDIQAKVFAEQKAIFGDNMLRDCTFADTMEMKYLERVILETLRLYPPVPLIARRLDYDLKLASGPYTVPKGTTVIVLQYCVHRRPDIYPNPTKFDPDNFLPERMANRHYYSFIPFSAGPRSCVGRKYAMLKLKVLLSTIVRNYIVHSTDTEADFKLQADIILKLENGFNVSLEKRQYATVA,2
sp|Q9SLP1|C78A9_ARATH,MATKLDTSSLLLALLSKCSLLTQTNLALSLLVASLASLALSLFFWSHPGGPAWGKYFLHRRRQTTVIPGPRGLPFVGSMSLMSNTLAHRCIAATAEKFRAERLMAFSLGETRVIVTCNPDVAKEILNSPVFADRPVKESAYSLMFNRAIGFAPYGVYWRTLRKIASNHLFSPKQIKRSETQRSVIANQIVKCLTKQSNTKGLCFARDLIKTASLNNMMCSVFGKEYELEEEHEEVSELRELVEEGYDLLGTLNWTDHLPWLSEFDPQRIRSRCSNLVPKVNRFVNRIISDHREQTRDSPSDFVDVLLSLDGPDKLSDPDIIAVLWEMIFRGTDTVAVLIEWILARMVLHPDIQSTVHNELDQIVGRSRAVEESDVVSLVYLTAVVKEVLRLHPPGPLLSWARLAITDTIIDGRRVPAGTTAMVNMWAIAHDPHVWENPLEFKPERFVAKEGEVEFSVLGSDLRLAPFGSGRRVCPGKNLGLTTVTFWTATLLHEFEWLTPSDEKTVDLSEKLRLSCEMANPLAAKLRPRRSFSV,1
sp|Q33DY0|C81Q1_SESIN,MEAEMLYSALALTFAIFMVYRILSNSQDKRSLTKLPPSPPGWLPVIGHAHLMKNLLHRTLYDFSQKLGPIFSIRFGSRLVVVVSSSSLVEECFTKYDIVLANRPQASVDRRSLGFSTTSVIGAPYGDHWRNLRKLCDLEVFAPTRLASFLSIRLDERDRMISALYKISSAGFAKVNLEAKIVELTFNNIMRMVAAKRYYGEEAEDDEEAKRFRDLTKEALELTSASNPGEIFPILRWLGCNGLEKKLAVHSRKTDEFMQGLLDEHRRGERQNTMVDHLLSLQESQPEYYTDEIITGLIVALIIAGTDASVVTTEWAMSLLLNHPKVLEKARKELDTLVGHERMVDEHDLPKLRYLHCIVLETLRLFPSVPTLVPHEPSEDCKIGGYNVPKGTMVLVNAWAIHRDPKVWDDPLSFKPDRFEIMEVETHKLLPFGMGRRACPGAGLAQKFVGLALGSLIQCFDWERTSPEKIDLNEGSGITLPKAKTLEAMCKPRHVMEKVLRQVSNV,1
sp|A0A140IL90|C96T1_NARAP,MATSSSAWLMFSDHYPEILIAIACFLIFSLLLSARSSSEDSLPYNWPIFGMLPAIISNNQFNDFTTARLRKMGWTFIFKGPWLLDMDYIFTCDPSNINHMFNDNFENYPKGELGKVFDIFGNNIFNADGDLWHDHRKMAQTILWDGNYRTMQATFIRNKMDNALIPILDSAASKRKPVDLQDVFFRFTFDTSCFSVLAADPESLTMEFPAVPFSKAADQALDAALTRHITPRLIWKLKRFFNVGSERTLAVAWKVIDSYIYDKIAELKAKRKLVGKINSYDAVSFYMDNFNIHDDKFLRDNAFTYLLAQRNTQSLTMTWLFYALFENPKVELKILSELKSIVDESSERKFNDGFALFDSNMIQSAIYLHATLCEALRIYPPVPFEIKDAHKADVLPSGHKVRAGEKILFSPYAMARMKGIWGDDCLEFKPERWITGNGTLKHEPAYKFFAFSAGPRICLGKELSFTQMKMVVATIIYNFHLQMVKGHVVEQSNSILMDMKHGLMVQVRKRSVM,1
sp|O81077|ABAH2_ARATH,MQISSSSSSNFFSSLYADEPALITLTIVVVVVVLLFKWWLHWKEQRLRLPPGSMGLPYIGETLRLYTENPNSFFATRQNKYGDIFKTHILGCPCVMISSPEAARMVLVSKAHLFKPTYPPSKERMIGPEALFFHQGPYHSTLKRLVQSSFMPSALRPTVSHIELLVLQTLSSWTSQKSINTLEYMKRYAFDVAIMSAFGDKEEPTTIDVIKLLYQRLERGYNSMPLDLPGTLFHKSMKARIELSEELRKVIEKRRENGREEGGLLGVLLGAKDQKRNGLSDSQIADNIIGVIFAATDTTASVLTWLLKYLHDHPNLLQEVSREQFSIRQKIKKENRRISWEDTRKMPLTTRVIQETLRAASVLSFTFREAVQDVEYDGYLIPKGWKVLPLFRRIHHSSEFFPDPEKFDPSRFEVAPKPYTYMPFGNGVHSCPGSELAKLEMLILLHHLTTSFRWEVIGDEEGIQYGPFPVPKKGLPIRVTPI,1
sp|Q9VUF8|CP314_DROME,MAVILLLALALVLGCYCALHRHKLADIYLRPLLKNTLLEDFYHAELIQPEAPKRRRRGIWDIPGPKRIPFLGTKWIFLLFFRRYKMTKLHEVYADLNRQYGDIVLEVMPSNVPIVHLYNRDDLEKVLKYPSKYPFRPPTEIIVMYRQSRPDRYASVGIVNEQGPMWQRLRSSLTSSITSPRVLQNFLPALNAVCDDFIELLRARRDPDTLVVPNFEELANLMGLEAVCTLMLGRRMGFLAIDTKQPQKISQLAAAVKQLFISQRDSYYGLGLWKYFPTKTYRDFARAEDLIYDVISEIIDHELEELKKSAACEDDEAAGLRSIFLNILELKDLDIRDKKSAIIDFIAAGIETLANTLLFVLSSVTGDPGAMPRILSEFCEYRDTNILQDALTNATYTKACIQESYRLRPTAFCLARILEEDMELSGYSLNAGTVVLCQNMIACHKDSNFQGAKQFTPERWIDPATENFTVNVDNASIVVPFGVGRRSCPGKRFVEMEVVLLLAKMVLAFDVSFVKPLETEFEFLLAPKTPLSLRLSDRVF,2
sp|Q9V4U9|C6A13_DROME,MLTLLVLVFTVGLLLYVKLRWHYSYWSRRGVAGERPVYFRGNMSGLGRDLHWTDINLRIYRKFRGVERYCGYFTFMTKSLFIMDLELIRDIMIRDFSSFADRGLFHNVRDDPLTGNLLFLDGPEWRWLRQNLTQVFTSGKMKFMFPNMVEVGEKLTQACRLQVGEIEAKDLCARFTTDVIGSCAFGLECNSLQDPESQFRRMGRSVTQEPLHSVLVQAFMFAQPELARKLRFRLFRPEVSEFFLDTVRQTLDYRRRENIHRNDLIQLLMELGEEGVKDALSFEQIAAQALVFFLAGFDTSSTTMSFCLYELALNPDVQERLRVEVLAVLKRNNQKLTYDSVQEMPYLDQVVAETLRKYPILPHLLRRSTKEYQIPNSNLILEPGSKIIIPVHSIHHDPELYPDPEKFDPSRFEPEEIKARHPFAYLPFGEGPRNCIGERFGKLQVKVGLVYLLRDFKFSRSEKTQIPLKFSSRNFLISTQEGVHLRMEGLERP,2
sp|Q27594|CP6A9_DROME,MGVYSVLLAIVVVLVGYLLLKWRRALHYWQNLDIPCEEPHILMGSLTGVQTSRSFSAIWMDYYNKFRGTGPFAGFYWFQRPGILVLDISLAKLILIKEFNKFTDRGFYHNTEDDPLSGQLFLLDGQKWKSMRSKLSYTFTSGKMKYMFPTVVKVGHEFIEVFGQAMEKSPIVEVRDILARFTTDVIGTCAFGIECSSLKDPEAEFRVMGRRAIFEQRHGPIGIAFINSFQNLARRLHMKITLEEAEHFFLRIVRETVAFREKNNIRRNDFMDQLIDLKNSPLTKSESGESVNLTIEEMAAQAFVFFGAGFETSSTTMGFALYELAQHQDIQDRVRKECQEVIGKYNGEITYESMKDMVYLDQVISETLRLYTVLPVLNRECLEDYEVPGHPKYVIKKGMPVLIPCGAMHRDEKLYANPNTFNPDNFSPERVKERDSVEWLPFGDGPRNCIGMRFGQMQARSGLALLINRFKFSVCEQTTIPIVYSKKTFLISSETGIFLKVERV,2
sp|Q9V674|CP6G1_DROME,MVLTEVLFVVVAALVALYTWFQRNHSYWQRKGIPYIPPTPIIGNTKVVFKMENSFGMHLSEIYNDPRLKDEAVVGIYSMNKPGLIIRDIELIKSILIKDFNRFHNRYARCDPHGDPLGYNNLFFVRDAHWKGIRTKLTPVFTSGKVKQMYTLMQEIGKDLELALQRRGEKNSGSFITEIKEICAQFSTDSIATIAFGIRANSLENPNAEFRNYGRKMFTFTVARAKDFFVAFFLPKLVSLMRIQFFTADFSHFMRSTIGHVMEERERSGLLRNDLIDVLVSLRKEAAAEPSKPHYAKNQDFLVAQAGVFFTAGFETSSSTMSFALYEMAKHPEMQKRLRDEINEALVEGGGSLSYEKIQSLEYLAMVVDEVLRMYPVLPFLDREYESVEGQPDLSLKPFYDYTLENGTPVFIPIYALHHDPKYWTNPSQFDPERFSPANRKNIVAMAYQPFGSGPHNCIGSRIGLLQSKLGLVSLLKNHSVRNCEATMKDMKFDPKGFVLQADGGIHLEIVNDRLYDQSAPSLQ,2
sp|Q9VG40|CP134_DROME,MLTWTLWCGLLFLLWIYFLWSRRRFYLLTLKIPGPLGYPILGMAHWLMRREDILNAFGCFLDKHGPTIFSWLGPIPFMIVSDPQVVQDIFTSPHCVNKGIIYKAVDDGAGVGLFSLKDPRWSIHRKLLNPAFGHKVLLSFLPIFNRETALLLDQLEPLQDDGEKDLIPLLQSFTLGIATQTTMGSDVKDEESFRSNSLLGRYQCILETMTDMCFSPWLNSRFCRQLAGKESHYYQAKTEIRQFIRKIIERKLAEDEMGALPSIQSNDKNLFLNLVTDLMRRGVFTLKNVEDESNIIVFGAFETTANAVYYTLMLLAMFPEYQERAFEEIKTIFPNTGDFDVSYADTQQMVYLDLILNESMRVIPPVPVVSRQTSQDLKLSNGIVVPKGVQIAIDIYHMHRSKKIWGPDAETFNPDHFLPHNIQDKHPYAYIPFTKGIRNCIGWRYALISAKVTLAKLLRNYRFKTSFPFENLYFVEDITMKLKSVPLLELQKRT,2
sp|Q9NGX9|CP302_DROME,MLTKLLKISCTSRQCTFAKPYQAIPGPRGPFGMGNLYNYLPGIGSYSWLRLHQAGQDKYEKYGAIVRETIVPGQDIVWLYDPKDIALLLNERDCPQRRSHLALAQYRKSRPDVYKTTGLLPTNGPEWWRIRAQVQKELSAPKSVRNFVRQVDGVTKEFIRFLQESRNGGAIDMLPKLTRLNLELTCLLTFGARLQSFTAQEQDPRSRSTRLMDAAETTNSCILPTDQGLQLWRFLETPSFRKLSQAQSYMESVALELVEENVRNGSVGSSLISAYVKNPELDRSDVVGTAADLLLAGIDTTSYASAFLLYHIARNPEVQQKLHEEARRVLPSAKDELSMDALRTDITYTRAVLKESLRLNPIAVGVGRILNQDAIFSGYFVPKGTTVVTQNMVACRLEQHFQDPLRFQPDRWLQHRSALNPYLVLPFGHGMRACIARRLAEQNMHILLLRLLREYELIWSGSDDEMGVKTLLINKPDAPVLIDLRLRRE,2
sp|Q9SB48|NCPR1_ARATH,MTSALYASDLFKQLKSIMGTDSLSDDVVLVIATTSLALVAGFVVLLWKKTTADRSGELKPLMIPKSLMAKDEDDDLDLGSGKTRVSIFFGTQTGTAEGFAKALSEEIKARYEKAAVKVIDLDDYAADDDQYEEKLKKETLAFFCVATYGDGEPTDNAARFYKWFTEENERDIKLQQLAYGVFALGNRQYEHFNKIGIVLDEELCKKGAKRLIEVGLGDDDQSIEDDFNAWKESLWSELDKLLKDEDDKSVATPYTAVIPEYRVVTHDPRFTTQKSMESNVANGNTTIDIHHPCRVDVAVQKELHTHESDRSCIHLEFDISRTGITYETGDHVGVYAENHVEIVEEAGKLLGHSLDLVFSIHADKEDGSPLESAVPPPFPGPCTLGTGLARYADLLNPPRKSALVALAAYATEPSEAEKLKHLTSPDGKDEYSQWIVASQRSLLEVMAAFPSAKPPLGVFFAAIAPRLQPRYYSISSSPRLAPSRVHVTSALVYGPTPTGRIHKGVCSTWMKNAVPAEKSHECSGAPIFIRASNFKLPSNPSTPIVMVGPGTGLAPFRGFLQERMALKEDGEELGSSLLFFGCRNRQMDFIYEDELNNFVDQGVISELIMAFSREGAQKEYVQHKMMEKAAQVWDLIKEEGYLYVCGDAKGMARDVHRTLHTIVQEQEGVSSSEAEAIVKKLQTEGRYLRDVW,1
sp|P33269|CP4D1_DROME,MFLVIGAILASALFVGLLLYHLKFKRLIDLISYMPGPPVLPLVGHGHHFIGKPPHEMVKKIFEFMETYSKDQVLKVWLGPELNVLMGNPKDVEVVLGTLRFNDKAGEYKALEPWLKEGLLVSRGRKWHKRRKIITPAFHFKILDQFVEVFEKGSRDLLRNMEQDRLKHGESGFSLYDWINLCTMDTICETAMGVSINAQSNADSEYVQAVKTISMVLHKRMFNILYRFDLTYMLTPLARAEKKALNVLHQFTEKIIVQRREELIREGSSQESSNDDADVGAKRKMAFLDILLQSTVDERPLSNLDIREEVDTFMFEGHDTTSSALMFFFYNIATHPEAQKKCFEEIRSVVGNDKSTPVSYELLNQLHYVDLCVKETLRMYPSVPLLGRKVLEDCEINGKLIPAGTNIGISPLYLGRREELFSEPNSFKPERFDVVTTAEKLNPYAYIPFSAGPRNCIGQKFAMLEIKAIVANVLRHYEVDFVGDSSEPPVLIAELILRTKEPLMFKVRERVY,2
sp|Q9ZSY9|C74B2_ARATH,MLLRTMAATSPRPPPSTSLTSQQPPSPPSQLPLRTMPGSYGWPLVGPLSDRLDYFWFQGPDKFFRTRAEKYKSTVFRTNIPPTFPFFGNVNPNIVAVLDVKSFSHLFDMDLVDKRDVLIGDFRPSLGFYGGVCVGVNLDTTEPKHAKIKGFAMETLKRSSKVWLQELRSNLNIFWGTIESEISKNGAASYIFPLQRCIFSFLCASLAGVDASVSPDIAENGWKTINTWLALQVIPTAKLGVVPQPLEEILLHTWPYPSLLIAGNYKKLYNFIDENAGDCLRLGQEEFRLTRDEAIQNLLFVLGFNAYGGFSVFLPSLIGRITGDNSGLQERIRTEVRRVCGSGSDLNFKTVNEMELVKSVVYETLRFNPPVPLQFARARKDFQISSHDAVFEVKKGELLCGYQPLVMRDANVFDEPEEFKPDRYVGETGSELLNYLYWSNGPQTGTPSASNKQCAAKDIVTLTASLLVADLFLRYDTITGDSGSIKAVVKAK,1
sp|O80823|C86A8_ARATH,MEISTALMILSAITAYFLWLTFISRCLKGPRVWPILGSLPGLIENCERMHDWISDNLRACSGTYQTCICAIPFLAKKQGLVTVTCDPRNLEHILKNRFDNYPKGPTWQAVFHDLLGQGIFNSDGDTWLFQRKTAALEFTTRTLRQAMARWVNRAIKLRFLPILENARLGSEPIDLQDLLLRLTFDNICGLTFGKDPRTCAPGLPVNTFAVAFDRATEASLQRFILPEILWKFKRWLRLGLEVSLTRSLVQVDNYLSEIITTRKEEMMTQHNNGKHHDDLLSRFIKKKESYSDETLQRVALNFILAGRDTSSVALSWFFWLITQHPAIEDKILREICTVLVETRGDDVALWTDEPLSCEELDRLVFLKAALSETLRLYPSVPEDSKRAVKDDVLPDGTFVPAGSSITYSIYSAGRMKSTWGEDCLEFKPERWISQSDGGRFINHDPFKFVAFNAGPRICLGKDLAYLQMKSIASAVLLRHRLTVVTGHKVEQKMSLTLFMKYGLLVNVHERDLTAIAADLRECKSNVVNDGVGNGVSS,1
sp|Q93Z79|C14A1_ARATH,MENFMVEMAKTISWIVVIGVLGLGIRVYGKVMAEQWRMRRKLTMQGVKGPPPSLFRGNVPEMQKIQSQIMSNSKHYSGDNIIAHDYTSSLFPYLDHWRKQYGRVYTYSTGVKQHLYMNHPELVKELNQANTLNLGKVSYVTKRLKSILGRGVITSNGPHWAHQRRIIAPEFFLDKVKGMVGLVVESAMPMLSKWEEMMKREGEMVCDIIVDEDLRAASADVISRACFGSSFSKGKEIFSKLRCLQKAITHNNILFSLNGFTDVVFGTKKHGNGKIDELERHIESLIWETVKERERECVGDHKKDLMQLILEGARSSCDGNLEDKTQSYKSFVVDNCKSIYFAGHETSAVAVSWCLMLLALNPSWQTRIRDEVFLHCKNGIPDADSISNLKTVTMVIQETLRLYPPAAFVSREALEDTKLGNLVVPKGVCIWTLIPTLHRDPEIWGADANEFNPERFSEGVSKACKHPQSFVPFGLGTRLCLGKNFGMMELKVLVSLIVSRFSFTLSPTYQHSPVFRMLVEPQHGVVIRVLRQ,1
sp|Q9VGH1|CP315_DROME,MTEKRERPGPLRWLRHLLDQLLVRILSLSLFRSRCDPPPLQRFPATELPPAVAAKYVPIPRVKGLPVVGTLVDLIAAGGATHLHKYIDARHKQYGPIFRERLGGTQDAVFVSSANLMRGVFQHEGQYPQHPLPDAWTLYNQQHACQRGLFFMEGAEWLHNRRILNRLLLNGNLNWMDVHIESCTRRMVDQWKRRTAEAAAIPLAESGEIRSYELPLLEQQLYRWSIEVLCCIMFGTSVLTCPKIQSSLDYFTQIVHKVFEHSSRLMTFPPRLAQILRLPIWRDFEANVDEVLREGAAIIDHCIRVQEDQRRPHDEALYHRLQAADVPGDMIKRIFVDLVIAAGDTTAFSSQWALFALSKEPRLQQRLAKERATNDSRLMHGLIKESLRLYPVAPFIGRYLPQDAQLGGHFIEKDTMVLLSLYTAGRDPSHFEQPERVLPERWCIGETEQVHKSHGSLPFAIGQRSCIGRRVALKQLHSLLGRCAAQFEMSCLNEMPVDSVLRMVTVPDRTLRLALRPRTE,2
sp|Q9VWR5|CP306_DROME,MSADIVDIGHTGWMPSVQSLSILLVPGALVLVILYLCERQCNDLMGAPPPGPWGLPFLGYLPFLDARAPHKSLQKLAKRYGGIFELKMGRVPTVVLSDAALVRDFFRRDVMTGRAPLYLTHGIMGGFGIICAQEDIWRHARRETIDWLKALGMTRRPGELRARLERRIARGVDECVRLFDTEAKKSCASEVNPLPALHHSLGNIINDLVFGITYKRDDPDWLYLQRLQEEGVKLIGVSGVVNFLPWLRHLPANVRNIRFLLEGKAKTHAIYDRIVEACGQRLKEKQKVFKELQEQKRLQRQLEKEQLRQSKEADPSQEQSEADEDDEESDEEDTYEPECILEHFLAVRDTDSQLYCDDQLRHLLADLFGAGVDTSLATLRWFLLYLAREQRCQRRLHELLLPLGPSPTLEELEPLAYLRACISETMRIRSVVPLGIPHGCKENFVVGDYFIKGGSMIVCSEWAIHMDPVAFPEPEEFRPERFLTADGAYQAPPQFIPFSSGYRMCPGEEMARMILTLFTGRILRRFHLELPSGTEVDMAGESGITLTPTPHMLRFTKLPAVEMRHAPDGAVVQD,2
sp|Q9V771|C6A23_DROME,MSLLLTLIALLVSLLLFMARRRHGYWQRRGIPHDVPHPIYGNMKDWPKKRHIAMIFRDYYTKYKRSVYPFAGFYFFFTRSAVITDLELVKRVLIKDFNHFENRGIFYNEIDDPLSATLFSIEGQKWRHLRHKLTPTFTSGKMKNMFPIIVKVGEEMEKIFSAKTTTGEGQVLEIVDLVARYTADVIGNCAFGLNCNSLQNPNAEFVTIGKRAIIERRYGGLLDFLIFGFPKLSRRLRLKLNVQDVEDFYTSIVRNTIDYRLRTNEKRHDFMDSLIEMYEKEQAGNTEDGLSFNEILAQAFIFFVAGFETSSTTMGFALYELALDQDIQDQLRAEINNVLSKHNNEFTYEGIKEMKYLEQVVMETLRKYPVLAHLTRMTQTDFSPEDPKYFIAKGTTVVIPALGIHYDPEIYPEPEKFKPERFTDEAIAARPSCTWLPFGEGPRNCIGLRFGLMQACVGLAYLIRGYKFSVSTETQIPMKFVVKSILLSAENGIHLKVEKLSK,2
sp|Q9FH76|ABAH3_ARATH,MDFSGLFLTLSAAALFLCLLRFIAGVRRSSSTKLPLPPGTMGYPYVGETFQLYSQDPNVFFAAKQRRYGSVFKTHVLGCPCVMISSPEAAKFVLVTKSHLFKPTFPASKERMLGKQAIFFHQGDYHSKLRKLVLRAFMPDAIRNMVPHIESIAQESLNSWDGTQLNTYQEMKTYTFNVALISILGKDEVYYREDLKRCYYILEKGYNSMPINLPGTLFHKAMKARKELAQILANILSKRRQNPSSHTDLLGSFMEDKAGLTDEQIADNIIGVIFAARDTTASVLTWILKYLADNPTVLEAVTEEQMAIRKDKKEGESLTWEDTKKMPLTYRVIQETLRAATILSFTFREAVEDVEYEGYLIPKGWKVLPLFRNIHHNADIFSDPGKFDPSRFEVAPKPNTFMPFGSGIHSCPGNELAKLEISVLIHHLTTKYRWSIVGPSDGIQYGPFALPQNGLPIALERKP,1
sp|Q9V675|CP6G2_DROME,MELVLLILVASLIGIAFLALQQHYSYWRRMGVREIRPKWIVGNLMGLLNMRMSPAEFISQLYNHPDAENEPFVGIHVFHKPALLLRDPEMVRNILVKDFAGFSNRYSSSDPKGDPLGSQNIFFLKNPAWKEVRLKLSPFFTGNRLKQMFPLIEEVGASLDAHLRQQPLHNERMRCFDLEAKELCALYTTDVIATVAYGVSANSFTDPKCEFRRHGRSVFEFNLLRAAEFTLVFFLPHLVPFVRFKVVPAEATRFLRKTINYVMSEREKSGQKRNDLIDILIEFRRSTQLAKASGIKDQFVFEGDILVAQAVLFFTAGFESSSSTMAFAMYELAKDTDVQQRLREEIKDALVESGGQVTLKMIESLEFMQMILLEVLRMYPPLPFLDRECTSGRDYSLAPFHKKFVVPKGMPVYIPCYALHMDPQYFPQPRKFLPERFSPENRKLHTPYTYMPFGLGPHGCIGERFGYLQAKVGLVNLLRNHMITTSERTPHRMQLDPKAIITQAKGGIHLRLVRDALGV,2
sp|Q9V979|CP6U1_DROME,MDLMHRTLLTALGALSVVYALVKFSLGYWKRRGILHEKPKFLWGNIKGVVSGKRHAQDALQDIYTAYKGRAPFVGFYACLKPFILALDLKLVHQIIFTDAGHFTSRGLYSNPSGEPLSHNLLQLDGHKWRSLHAKSAEVFTPANMQKLLVRLSQISSRIQRDLGEKSLQTINISELVGAYNTDVMASMAFGLVGQDNVEFAKWTRNYWADFRMWQAYLALEFPLIARLLQYKSYAEPATAYFQKVALSQLQLHRRRDRQPLQTFLQLYSNAEKPLTDIEIAGQAFGFVLAGLGPLNATLAFCLYELARQPEVQDRTRLEINKALEEHGGQVTPECLRELRYTKQVLNETLRLHTPHPFLLRRATKEFEVPGSVFVIAKGNNVLIPTAAIHMDPGIYENPQRFYPERFEEQARRSRPAAAFLPFGDGLRGCIAARFAEQQLLVGLVALLRQHRYAPSAETSIPVEYDNRRLLLMPKSDIKLSVERVDKL,2
sp|Q9V773|C6A20_DROME,MAVMIVLLIGVITFVAWYVHQHFNYWKRRGIPHDEPKIPYGNTSELMKTVHFADIFKRTYNKLRNKTDGPFVGFYMYFKRMVVVTDIDFAKTVLIREFDKFHDRGVFHNERDDPLSANLVNIDGQKWKTLRQKLTPTFTSGKMKTMFPTILTVGDELIRVFGETASADSDSMEITNVVARFTADVIGSCAFGLDCHSLSDPKAKFVQMGTTAITERRHGKSMDLLLFGAPELAAKLRMKATVQEVEDFYMNIIRDTVDYRVKNNVKRHDFVDMLIEMKLKFDNGDKENGLTFNEIAAQAFIFFLAGFETSSTTMGFALYELACHQDIQDKLRTEINTVLKQHNGKLDYDSMREMTYLEKVIDETMRKRPVVGHLIRVATQHYQHTNPKYNIEKGTGVIVPTLAIHHDPEFYPEPEKFIPERFDEDQVQQRPACTFLPFGDGPRNCIGLRFGRMQVIVGMALLIHNFKFEFHPTKTVVPLEYRTDDFLLSSKGGIHLKVTRV,2
sp|Q9VYY4|C4G15_DROME,MEVLKKDAALGSPSSVFYFLLLPTLVLWYIYWRLSRAHLYRLAGRLPGPRGLPIVGHLFDVIGPASSVFRTVIRKSAPFEHIAKMWIGPKLVVFIYDPRDVELLLSSHVYIDKASEYKFFKPWLGDGLLISTGQKWRSHRKLIAPTFHLNVLKSFIELFNENSRNVVRKLRAEDGRTFDCHDYMSEATVEILLETAMGVSKKTQDKSGFEYAMAVMRMCDILHARHRSIFLRNEFVFTLTRYYKEQGRLLNIIHGLTTKVIRSKKAAFEQGTRGSLAQCELKAAALEREREQNGGVDQTPSTAGSDEKDREKDKEKASPVAGLSYGQSAGLKDDLDVEDNDIGEKKRLAFLDLMLESAQNGALITDTEIKEQVDTIMFEGHDTTAAGSSFFLSLMGIHQDIQDRVLAELDSIFGDSQRPATFQDTLEMKYLERCLMETLRMYPPVPLIARELQEDLKLNSGNYVIPRGATVTVATVLLHRNPKVYANPNVFDPDNFLPERQANRHYYAFVPFSAGPRSCVGRKYAMLKLKILLSTILRNYRVYSDLTESDFKLQADIILKREEGFRVRLQPRTS,2
sp|Q9V6D6|CP301_DROME,MNNLSLKAWRSTVSCGPNLRQCVPRISGAGSRRAQCRESSTGVATCPHLADSEEASAPRIHSTSEWQNALPYNQIPGPKPIPILGNTWRLMPIIGQYTISDVAKISSLLHDRYGRIVRFGGLIGRPDLLFIYDADEIEKCYRSEGPTPFRPSMPSLVKYKSVVRKDFFGDLGGVVGVHGEPWREFRSRVQKPVLQLSTIRRYLQPLEVITEDFLVRCENLLDENQELPEDFDNEIHKWSLECIGRVALDTRLGCLESNLKPDSEPQQIIDAAKYALRNVATLELKAPYWRYFPTPLWTRYVKNMNFFVGVCMKYIQSATERLKTQDPSLRAGEPSLVEKVILSQKDEKIATIMALDLILVGIDTISMAVCSMLYQLATRPVDQQKVHEELKRLLPDPNTPLTIPLLDQMHHLKGFIKEVFRMYSTVIGNGRTLMEDSVICGYQVPKGVQAVFPTIVTGNMEEYVTDAATFRPERWLKPQHGGTPGKLHPFASLPYGYGARMCLGRRFADLEMQILLAKLLRNYKLEYNHKPLDYAVTFMYAPDGPLRFKMTRV,2
sp|Q9VB31|C6A18_DROME,MQLTYFLFQVAVALLAIVTYILHRKLTYFKRRGIPYDKPHPLRGNMEGYKKTRTVHEIHQEYYNKYRNSKAPFVGFYLFQKPAAFVIDLELAKQILIKNFSNFTDKGIYYNEKDDPMSAHLFNLDGPQWRLLRSKLSSTFTSGKMKFMYPTVVSVAEEFMAVMHEKVSENSILDVRDLVARFTVDVIGTCAFGIKCNSLRDEKAEFLHFGRRALLDSRHGNLVSGLMRSYPNLARRLGLCRNTAQIQEFYQRIVKETVTLREKENIKRNDFMDMLIGLKNQKNMTLENGEVVKGLTMDEIVAQAFVFFIAGFDTSSSTMGFALYELAKNPSIQDKVRAELGQVLEQHDQKFTYECIKDLKYLDQVINETLRHYTIVPNVDRVAAKRFVVPGNPKFVIEAGQSVIIPSSAIHHDPSIYPEPNEFRPERFSPEESAKRPSVAWLPFGEGPRNCIGLRFGQMQARIGLAMLIKNFTFSPCSATPDPLTFDPHSAILLGIKGGIQLKVEAI,2
sp|O81346|C79B2_ARATH,MNTFTSNSSDLTTTATETSSFSTLYLLSTLQAFVAITLVMLLKKLMTDPNKKKPYLPPGPTGWPIIGMIPTMLKSRPVFRWLHSIMKQLNTEIACVKLGNTHVITVTCPKIAREILKQQDALFASRPLTYAQKILSNGYKTCVITPFGDQFKKMRKVVMTELVCPARHRWLHQKRSEENDHLTAWVYNMVKNSGSVDFRFMTRHYCGNAIKKLMFGTRTFSKNTAPDGGPTVEDVEHMEAMFEALGFTFAFCISDYLPMLTGLDLNGHEKIMRESSAIMDKYHDPIIDERIKMWREGKRTQIEDFLDIFISIKDEQGNPLLTADEIKPTIKELVMAAPDNPSNAVEWAMAEMVNKPEILRKAMEEIDRVVGKERLVQESDIPKLNYVKAILREAFRLHPVAAFNLPHVALSDTTVAGYHIPKGSQVLLSRYGLGRNPKVWADPLCFKPERHLNECSEVTLTENDLRFISFSTGKRGCAAPALGTALTTMMLARLLQGFTWKLPENETRVELMESSHDMFLAKPLVMVGDLRLPEHLYPTVK,1
sp|Q9VMS8|C4AC2_DROME,MFLEVLFAAPLVIFIFRKLWAHLNRTYFILSLCKRIRTEDGSLLESKIYVAPSKTRFGNNFDLVNFTSESIFNFMRDASAKAKGRNYLWYFFHAPMYNIVRAEEAEEILQSSKLITKNMIYELLKPFLGEGLLISTDQKWHSRRKALTPAFHFKVLQSFLIIFKEECNKLVKVLHQSVNMELELNQVIPQFTLNNVCETALGVKLDDLSEGIRYRQSIHAIEEVMQQRLCNPFFYNIVYFFLFGDYRKQVNNLKIAHEFSSNIIEKRRSLFKSNQLGQEDEFGKKQRYAMLDTLLAAEADGQIDHQGICDEVNTFMFEGYDTTSTCLIFTLLMLALHEDVQKKCYEEIKYLPDDSDDISVFQFNELVYMECVIKESLRLFPSVPFIGRRCVEEGVVNGLIMPKNTQINIHLYEIMRDARHFSNPKMFQPDRFFPENTVNRHPFAFVPFSAGQRNCIGQKFAILEIKVLLAAVIRNFKILPVTLLDDLTFENGIVLRTKQNIKVKLVHRENK,2
sp|O65790|C81F1_ARATH,MLYFILLPLLFLVISYKFLYSKTQRFNLPPGPPSRPFVGHLHLMKPPIHRLLQRYSNQYGPIFSLRFGSRRVVVITSPSLAQESFTGQNDIVLSSRPLQLTAKYVAYNHTTVGTAPYGDHWRNLRRICSQEILSSHRLINFQHIRKDEILRMLTRLSRYTQTSNESNDFTHIELEPLLSDLTFNNIVRMVTGKRYYGDDVNNKEEAELFKKLVYDIAMYSGANHSADYLPILKLFGNKFEKEVKAIGKSMDDILQRLLDECRRDKEGNTMVNHLISLQQQQPEYYTDVIIKGLMMSMMLAGTETSAVTLEWAMANLLRNPEVLEKARSEIDEKIGKDRLIDESDIAVLPYLQNVVSETFRLFPVAPFLIPRSPTDDMKIGGYDVPRDTIVMVNAWAIHRDPEIWEEPEKFNPDRYNDGCGSDYYVYKLMPFGNGRRTCPGAGLGQRIVTLALGSLIQCFEWENVKGEEMDMSESTGLGMRKMDPLRAMCRPRPIMSKLLL,1
sp|Q94IA6|C90D1_ARATH,MDTSSSLLFFSFFFFIIIVIFNKINGLRSSPASKKKLNDHHVTSQSHGPKFPHGSLGWPVIGETIEFVSSAYSDRPESFMDKRRLMYGRVFKSHIFGTATIVSTDAEVNRAVLQSDSTAFVPFYPKTVRELMGKSSILLINGSLHRRFHGLVGSFLKSPLLKAQIVRDMHKFLSESMDLWSEDQPVLLQDVSKTVAFKVLAKALISVEKGEDLEELKREFENFISGLMSLPINFPGTQLHRSLQAKKNMVKQVERIIEGKIRKTKNKEEDDVIAKDVVDVLLKDSSEHLTHNLIANNMIDMMIPGHDSVPVLITLAVKFLSDSPAALNLLTEENMKLKSLKELTGEPLYWNDYLSLPFTQKVITETLRMGNVIIGVMRKAMKDVEIKGYVIPKGWCFLAYLRSVHLDKLYYESPYKFNPWRWQERDMNTSSFSPFGGGQRLCPGLDLARLETSVFLHHLVTRFRWIAEEDTIINFPTVHMKNKLPIWIKRI,1
sp|Q9VYQ5|CP318_DROME,MHLNIALWACGALLAVLLAWQQRKCWRLIWQLNGWRGVIQQPVLWLLLCINLHPNSILEKVSQYRVHFQRPLAVLVGTRVLLYIDDPAGMECVLNAPECLDKTFLQDGFFVRRGLLHARGQKWKLRRKQLNPAFSHNIVASFFDVFNSVGNQMVEQFQTQTNLHGQAVKFTAAEDLLSRAVLEVSCLTIMGTPTNFTQLDDAHIAHSYKRLLEISAVRVVKPWLQIRLLHRLLAPELYEESKKCAKLLEDFVGGIVRTKHRNWRLRDAVGGEKSGEDASNGWQRRIFIEQIFQLAANGEMTLEEIMDEAQSMVLVSFETVSNSIMLALLCLATNKGDCQRRLLAEIRALVPDVGQVGLEQLQQLRYLDAFVSESLRLLATVPMNLRHVSRDFRLAGRQHETIVPQNSIVVLDTFNMQRDERWWGANARQFDPQRFLDQEEEQLSKGHNDSGSGEKRRQRDRRHSYSFLPFSNGLRSCIGRRYGLFIMKVFLVKLITNFDFQSDFELEKLQFVENISLKFKNADDILLTIQPKKEST,2
sp|Q9SMP5|C94B3_ARATH,MAFLLSFLILAFLITIIFFLSSSSTKKVQENTTYGPPSYPLIGSILSFNKNRHRLLQWYTELLRLSPSQTILVPLLGNRRTIITTNPLNVEYILKTNFFNFPKGKPFTDLLGDLLGGGIFNVDGHSWSSQRKLASHEFSTRSLRSFAFEVLKDEVENRLVPVLSTAADVGTTVDLQDVLKRFAFDVVCKVSLGWDPDCLDLTRPVNPLVEAFDTAAEISARRATEPIYAVWKTKRVLNVGSERKLREAIRTVHVLVSEIVRAKKKSLEIGTGAEAKQDLLSRFLAAGHNGEAVRDMVISFIMAGRDTTSAAMTWLFWLLTENDDVERKILEEVDPLVSLGLGFEDLKEMAYTKACLCEAMRLYPPVSWDSKHAANDDVLPDGTRVKRGDKVTYFPYGMGRMETLWGTDSEEFNPNRWFDSEPGSTRPVLKPISPYKFPVFQAGPRVCVGKEMAFMQMKYVVGSVLSRFEIVPVNKDRPVFVPLLTAHMAGGLKVKIKRRSHILNNV,1
sp|Q9CA61|C98A8_ARATH,MIIYLISLLPIIVATLMLYQRWWRSNIPPGPKPKFLLGNLHQMKPLWTHSFSEWSETYGPIISVWIGSQLTVVVSSSDLARQVLRDKDHQLSNRHRIARMTQTGTDLVWSDYSPHYVKLRKLCTLELFSLKSIENFRSLREMEARSMVVSILKDLMSNSGDDQERKPVIVRKYLAAVVLNTISRLMIGKEFGSEEGKEFKAIVEKEHLLSGSGTILDHVWWLKWVSSWFFSDKEFLAHKDRRTKWFRGAIMVEEDIEIEDHRGFVRKLLVLKEQKELSEETVGGLVWNMLTAGADTTAVVIEWAMAEMIKCPTVQEKAQQELDSVVGSERLMTESDIPILPYLQCVVKEALRLHPSTPLMLPHKASETVWVGGYKVPKGATVYVNVQAIGRDPANWINPYEFRPERFLQEETDVKGRDFRVLPFGSGRRMCPAAQLSMNLMTLVMGNLLHCFSWSSPVPGERIDMSENPGLLCNMRTPLQALALPRAAARAIPLPLD,1
sp|Q9V7G5|C4AA1_DROME,MFVEKVLERTTNLELCSILILLVISLSIYTFYATLNTYLRSVLLSLRLTGPPSLPFLGNCMLVTDKDLMRRCAGKAFDLYGSLVRIWVLLFPFFAVLEPEDLQVILSSKKHTNKVFFYRLMHNFLGDGLITSSGSKWSNHRRLIQPAFHHNLLEKFIDTFVDASQSLYENLDAEAVGTEINIAKYVNNCVLDILNEAVLGVPIKKRGQDVAMMEDSPFRQGKIMMPARFTQPWLLLDGIYHWTKMANDELNQKKRLNDFTRKMIQRRRQIQNNNNGNSERKCLLDHMIEISESNRDFTEEDIVNEACTFMLAGQDSVGAAVAFTLFLLTQNPECQDRCVLELATIFEDSNRAPTMTDLHEMRYMEMCIKEALRLYPSVPLIARKLGEEVRLAKHTLPAGSNVFICPYATHRLAHIYPDPEKFQPERFSPENSENRHPYAFLPFSAGPRYCIGNRFAIMEIKTIVSRLLRSYQLLPVTGKTTIAATFRITLRASGGLWVRLKERDHPLIAH,2
sp|Q27593|CP6A8_DROME,MALTYILFQVAVALLAILTYYIHRKLTYFKRRGIPFVAPHLIRGNMEELQKTKNIHEIFQDHYNKFRESKAPFVGFFFFQSPAAFVIDLELAKQILIKDFSNFSNKGIFYNEKDDPISAHLFNLDGAQWRLLRNKLSSTFTSGKMKLMYPTVVSVANEFMTVMHEKVPKNSVLEIRDLVARFTVDVIGTCAFGIQCNSLRDEKAEFLYFGKRSLVDKRHGTLLNGFMRSYPKLARKLGMVRTAPHIQEFYSRIVTETVAVREKEHIKRNDFMDMLIELKNQKEMTLENGDVVRGLTMEEVLAQAFVFFIAGFETSSSTMGFALYELAKNPDIQDKVRAEVEEVIEQHDQNFTYECTKDLKYLNQVLDETLRLYTIVPNLDRMAAKRYVVPGHPNFVIEAGQSVIIPSSAIHHDPSIYPEPFEFRPERFSPEESAGRPSVAWLPFGDGPRNCIGLRFGQMQARIGLALLIRNFKFSTCSKTPNPLVYDPKSFVLGVKDGIYLKVETV,2
sp|P48421|C83A1_ARATH,MEDIIIGVVALAAVLLFFLYQKPKTKRYKLPPGPSPLPVIGNLLQLQKLNPQRFFAGWAKKYGPILSYRIGSRTMVVISSAELAKELLKTQDVNFADRPPHRGHEFISYGRRDMALNHYTPYYREIRKMGMNHLFSPTRVATFKHVREEEARRMMDKINKAADKSEVVDISELMLTFTNSVVCRQAFGKKYNEDGEEMKRFIKILYGTQSVLGKIFFSDFFPYCGFLDDLSGLTAYMKECFERQDTYIQEVVNETLDPKRVKPETESMIDLLMGIYKEQPFASEFTVDNVKAVILDIVVAGTDTAAAAVVWGMTYLMKYPQVLKKAQAEVREYMKEKGSTFVTEDDVKNLPYFRALVKETLRIEPVIPLLIPRACIQDTKIAGYDIPAGTTVNVNAWAVSRDEKEWGPNPDEFRPERFLEKEVDFKGTDYEFIPFGSGRRMCPGMRLGAAMLEVPYANLLLSFNFKLPNGMKPDDINMDVMTGLAMHKSQHLKLVPEKVNKY,1
sp|Q93VK5|LUT5_ARATH,MAMAFPLSYTPTITVKPVTYSRRSNFVVFSSSSNGRDPLEENSVPNGVKSLEKLQEEKRRAELSARIASGAFTVRKSSFPSTVKNGLSKIGIPSNVLDFMFDWTGSDQDYPKVPEAKGSIQAVRNEAFFIPLYELFLTYGGIFRLTFGPKSFLIVSDPSIAKHILKDNAKAYSKGILAEILDFVMGKGLIPADGEIWRRRRRAIVPALHQKYVAAMISLFGEASDRLCQKLDAAALKGEEVEMESLFSRLTLDIIGKAVFNYDFDSLTNDTGVIEAVYTVLREAEDRSVSPIPVWDIPIWKDISPRQRKVATSLKLINDTLDDLIATCKRMVEEEELQFHEEYMNERDPSILHFLLASGDDVSSKQLRDDLMTMLIAGHETSAAVLTWTFYLLTTEPSVVAKLQEEVDSVIGDRFPTIQDMKKLKYTTRVMNESLRLYPQPPVLIRRSIDNDILGEYPIKRGEDIFISVWNLHRSPLHWDDAEKFNPERWPLDGPNPNETNQNFSYLPFGGGPRKCIGDMFASFENVVAIAMLIRRFNFQIAPGAPPVKMTTGATIHTTEGLKLTVTKRTKPLDIPSVPILPMDTSRDEVSSALS,1
sp|Q949U1|C79F1_ARATH,MMSFTTSLPYPFHILLVFILSMASITLLGRILSRPTKTKDRSCQLPPGPPGWPILGNLPELFMTRPRSKYFRLAMKELKTDIACFNFAGIRAITINSDEIAREAFRERDADLADRPQLFIMETIGDNYKSMGISPYGEQFMKMKRVITTEIMSVKTLKMLEAARTIEADNLIAYVHSMYQRSETVDVRELSRVYGYAVTMRMLFGRRHVTKENVFSDDGRLGNAEKHHLEVIFNTLNCLPSFSPADYVERWLRGWNVDGQEKRVTENCNIVRSYNNPIIDERVQLWREEGGKAAVEDWLDTFITLKDQNGKYLVTPDEIKAQCVEFCIAAIDNPANNMEWTLGEMLKNPEILRKALKELDEVVGRDRLVQESDIPNLNYLKACCRETFRIHPSAHYVPSHLARQDTTLGGYFIPKGSHIHVCRPGLGRNPKIWKDPLVYKPERHLQGDGITKEVTLVETEMRFVSFSTGRRGCIGVKVGTIMMVMLLARFLQGFNWKLHQDFGPLSLEEDDASLLMAKPLHLSVEPRLAPNLYPKFRP,1
sp|Q9V5L3|C49A1_DROME,MSGLRKTSIALMRRSTSSTTILPHSGGVGGAVSPPSSGVGVATEIEKSIAMQRLRTGESSNPKKLNVSQQPVTSVATTRTTASSLPAETTSSPAAAVRPYSEVPGPYPLPLIGNSWRFAPLIGTYKISDLDKVMNELHVNYGKMAKVGGLIGHPDLLFVFDGDEIRNIFKKEEAMPHRPSMPSLRHYKGDLRRDFFGDVAGLIGVHGPKWEAFRQEVQHILLQPQTAKKYIPPLNDIASEFMGRIELMRDEKDELPANFLHELYKWALESVGRVSLDTRLGCLSPEGSEEAQQIIEAINTFFWAVPELELRMPLWRIYPTKAYRSFVKALDQFTAICMKNIGKTMDKADADEARGLSKSEADISIVERIVRKTGNRKLAAILALDLFLVGVDTTSVAASSTIYQLAKNPDKQKKLFDELQKVFPHREADINQNVLEQMPYLRACVKETLRMRPVVIANGRSLQSDAVINGYHVPKGTHVIFPHLVVSNDPAYFPEPKRFLPERWLKQSTDAAGCPHANQKIHPFVSLPFGFGRRMCVGRRFAEIELHTLLAKIFRKYKVSYNSGEFVYRVNSTYIPQSPLNFKLTLRDE,2
sp|Q9V676|CP6T3_DROME,MLLIWLLLLTIVTLNFWLRHKYDYFRSRGIPHLPPSSWSPMGNLGQLLFLRISFGDLFRQLYADPRNGQAKIVGFFIFQTPALMVRDPELIRQVLIKNFNNFLNRFESADAGDPMGALTLPLAKYHHWKESRQCMSQLFTSGRMRDVMYSQMLDVASDLEQYLNRKLGDRLERVLPLGRMCQLYTTDVTGNLFYSLNVGGLRRGRSELITKTKELFNTNPRKVLDFMSVFFLPKWTGVLKPKVFTEDYARYMRHLVDDHHEPTKGDLINQLQHFQLSRSSNHYSQHPDFVASQAGIILLAGFETSSALMGFTLYELAKAPDIQERLRSELREAFISTATLSYDTLMTLPYLKMVCLEALRLYPAAAFVNRECTSSASEGFSLQPHVDFIVPPGMPAYISILGLHRDERFWPEPCVFDPERFGPERSRHIHPMTYIPFGAGPHGCIGSRLGVLQLKLGIVHILKQYWVETCERTVSEIRFNPKSFMLESENEIYLRFCRSSL,2
sp|Q9LVD6|C81F2_ARATH,MDYVLIVLPLALFLIAYKFLFSSKTQGFNLPPGPTPFPIVGHLHLVKPPVHRLFRRFAEKYGDIFSLRYGSRQVVVISSLPLVRESFTGQNDVILTNRPHFLTAKYVAYDYTTIGTAAYGDHWRNLRRICSLEILSSNRLTGFLSVRKDEIRRLLTKLSREYDGRVVELEPLLADLTFNNIVRMVTGRRYYGDQVHNKEEANLFKKLVTDINDNSGASHPGDYLPILKVFGHGYEKKVKALGEAMDAFLQRLLDECRINGESNTMVSHLLSLQLDQPKYYSDVIIKGLMLSMMLAGTDTAAVTLEWAMANLLKKPEVLKKAKAEIDEKIGEERLVDEPDIANLPYLQNIVSETFRLCPAAPLLVPRSPSEDLKIGGYDIPRGTIVLVNAWAIHRDPRLWDEPEKFMPERFEDQEASKKLMVFGNGRRTCPGATLGQRMVLLALGSLIQCFDWEKVNGEDVDMTENPGMAMRKLVQLRAVCHKRPIMTNLLA,1
sp|Q6NKZ8|C14A2_ARATH,MESLVVHTVNAIWCIVIVGIFSVGYHVYGRAVVEQWRMRRSLKLQGVKGPPPSIFNGNVSEMQRIQSEAKHCSGDNIISHDYSSSLFPHFDHWRKQYGRIYTYSTGLKQHLYINHPEMVKELSQTNTLNLGRITHITKRLNPILGNGIITSNGPHWAHQRRIIAYEFTHDKIKGMVGLMVESAMPMLNKWEEMVKRGGEMGCDIRVDEDLKDVSADVIAKACFGSSFSKGKAIFSMIRDLLTAITKRSVLFRFNGFTDMVFGSKKHGDVDIDALEMELESSIWETVKEREIECKDTHKKDLMQLILEGAMRSCDGNLWDKSAYRRFVVDNCKSIYFAGHDSTAVSVSWCLMLLALNPSWQVKIRDEILSSCKNGIPDAESIPNLKTVTMVIQETMRLYPPAPIVGREASKDIRLGDLVVPKGVCIWTLIPALHRDPEIWGPDANDFKPERFSEGISKACKYPQSYIPFGLGPRTCVGKNFGMMEVKVLVSLIVSKFSFTLSPTYQHSPSHKLLVEPQHGVVIRVV,1
sp|Q949P1|ABAH1_ARATH,MDISALFLTLFAGSLFLYFLRCLISQRRFGSSKLPLPPGTMGWPYVGETFQLYSQDPNVFFQSKQKRYGSVFKTHVLGCPCVMISSPEAAKFVLVTKSHLFKPTFPASKERMLGKQAIFFHQGDYHAKLRKLVLRAFMPESIRNMVPDIESIAQDSLRSWEGTMINTYQEMKTYTFNVALLSIFGKDEVLYREDLKRCYYILEKGYNSMPVNLPGTLFHKSMKARKELSQILARILSERRQNGSSHNDLLGSFMGDKEELTDEQIADNIIGVIFAARDTTASVMSWILKYLAENPNVLEAVTEEQMAIRKDKEEGESLTWGDTKKMPLTSRVIQETLRVASILSFTFREAVEDVEYEGYLIPKGWKVLPLFRNIHHSADIFSNPGKFDPSRFEVAPKPNTFMPFGNGTHSCPGNELAKLEMSIMIHHLTTKYSWSIVGASDGIQYGPFALPQNGLPIVLARKPEIEV,1
sp|Q501D8|C79B3_ARATH,MDTLASNSSDLTTKSSLGMSSFTNMYLLTTLQALAALCFLMILNKIKSSSRNKKLHPLPPGPTGFPIVGMIPAMLKNRPVFRWLHSLMKELNTEIACVRLGNTHVIPVTCPKIAREIFKQQDALFASRPLTYAQKILSNGYKTCVITPFGEQFKKMRKVIMTEIVCPARHRWLHDNRAEETDHLTAWLYNMVKNSEPVDLRFVTRHYCGNAIKRLMFGTRTFSEKTEADGGPTLEDIEHMDAMFEGLGFTFAFCISDYLPMLTGLDLNGHEKIMRESSAIMDKYHDPIIDERIKMWREGKRTQIEDFLDIFISIKDEAGQPLLTADEIKPTIKELVMAAPDNPSNAVEWAIAEMINKPEILHKAMEEIDRVVGKERFVQESDIPKLNYVKAIIREAFRLHPVAAFNLPHVALSDTTVAGYHIPKGSQVLLSRYGLGRNPKVWSDPLSFKPERHLNECSEVTLTENDLRFISFSTGKRGCAAPALGTAITTMMLARLLQGFKWKLAGSETRVELMESSHDMFLSKPLVLVGELRLSEDLYPMVK,1
sp|Q9VMT6|C28D2_DROME,MCPVTTFLVLVLTLLVLVYVFLTWNFNYWRKRGIKTAPTWPFVGSFPSIFTRKRNIAYDIDDIYEKYKDTDNMVGVFTTRVPQLLVMCPEYIHKIYATDFRSFHNNEWRNFVNKKTDMILGNNPFVLTGDEWKERRSEIMPALSPNRVKAVYPVSQSVCKKFVEYIRRQQQMATSEGLDAMDLSLCYTTEVVSDCGLGVSAQSFTDTPTPLLKMIKRVFNTSFEFIFYSVVTNLWQKVRKFYSVPFFNKETEVFFLDIIRRCITLRLEKPEQQRDDFLNYMLQLQEKKGLHTDNILINTMTFILDGFETTALVLAHIMLMLGRNPEEQDKVRKEIGSADLTFDQMSELPHLDACIYETLRLFSPQVAARKLVTEPFEFANKNGRTVHLKPGDVVTIPVKALHHDPQYYEDPLTFKPERFLESNGGGMKSYRDRGVYLAFGDGPRHCPGMRFALTQLKAALVEILRNFEIKVNPKTRSDNQIDDTFFMATLKGGIYLDFKDL,2
sp|Q9SRQ1|C89A9_ARATH,MEITTIIFLIISSLTFSIFLKLIFFFSTHKLPPGPPRFPVIGNIIWLKKNNFSDFQGVLRDLASRHGPIITLHVGSKPSIWVTDRSLAHQALVQNGAVFSDRSLALPTTKVITSNQHDIHSSVYGSLWRTLRRNLTSEILQPSRVKAHAPSRKWSLEILVDLFETEQREKGHISDALDHLRHAMFYLLALMCFGEKLRKEEIREIEEAQYQMLISYTKFSVLNIFPSVTKFLLRRKWKEFLELRKSQESVILRYVNARSKETTGDVLCYVDTLLNLEIPTEEKEGGKKRKLSDSEIVSLCSEFLNAATDPTATSMQWIMAIMVKYPEIQRKVYEEMKTVFAGEEEEREEIREEDLGKLSYLKAVILECLRRHPPGHYLSYHKVTHDTVLGGFLIPRQGTINFMVGEMGRDPKIWEDPLTFKPERFLENGEACDFDMTGTREIKMMPFGAGRRMCPGYALSLLHLEYYVANLVWKFEWKCVEGEEVDLSEKQQFITMVMKNPFKANIYPRRK,1
sp|A0A140IL91|C96T2_NARAP,MATSSSAWLMFSDHYPEILIAIACFLIFSLLLSARSSSEDSLPYNWPIFGMLPAIISNNQFNDFTTARLRKMGWTFIFKGPWLLDMDYIFTCDPSNINHMFNDNFENYPKGELGKVFDIFGNNIFNADGDLWHDHRKMAQTILWDGNYRTMQATFIRNKMDNALIPILDSAACKRKPVDLQDVLLRFTFDTSCFSVLAADPESLTMEFPPVPFSKAADQALDAALTRHITPRLIWKLKRFFNVGSERTLAVAWKVIDSYIYDKIAELKAKRKLVGKINSYDAVSFYMDNFNIHDDKFLRDNAFTYLLAQRNTQSLTMTWLFYALFENPKVELKILSELKSIVDESSERKFNDGFTLFDSNMIQSAIYLHAALCEALRIYPPVPFEIKDAHKADVLPSGHKVRAGEKILFSPYAMARMKGIWGDDCLEFKPERWITGNGTLKHEPAYKFFAFSAGPRICLGKELSFTQMKMVVATIIYNFHLQMVKGHVVEQSNSILMDMKHGLMVQVRKRSVM,1
sp|Q9VGB5|CP135_DROME,MLTLQIFEAFAIILCVYFLWSRRRFYIMMLKLPGPMGFPFIGLAFEYIRLKRKIRLRTILFKIYGKTVLTWIGLTPVLVTCEPKILEDIFTSPNCSNRSSVVDKAISSCLGLGLLTLKNNHWNERRKLLLPSFKNNAVLSFVPVLNNEANFLVTLLAEFVDGGDINLLPELNKWSFKIAAQITMGDEVRNQANYQNGNLLESYKALNNLIPIGVVMPWLRNKYLGKLFSYEKRRLEAATQSNAFIKDIIDKKLSSTDNSSEPALIDRILNLVRIGELSYDDVMGEFSNIIFAASDTLSITVNNVLILMAMFPKYQDNVFEELAEVFPSGGEFEASHADLEKLVKLDRVLHETMRLIPAVPLLIRQTSHSIQLSNGFYIPEGVTLMIDIFHTHRNKDIWGPQANAFNPDNFLPENKRARPPYSYLPFSKGKKTCLGWKLSLISAKLALAKILRNYMLSTTFLYKDLRFIDNTTMKLAEQPLLAVKRRI,2
sp|Q9V776|CP317_DROME,MWIIFLIIGLLVLGLLVLLIIAARYQRDYWRYLDIPHERPKKLWPIIRQIMTQTLSTEAMKAEHYSAIYKKFKGSGPFCGFYALLQPRALILDRELIRQIMIKDFWNFNDRGLYCNQKSDPLSGDLYALRGESWKEMRQKLDPSLEGDRMSLLYDCLYEEAEQLLLTVNSTLMSQPHSTVHIQKIMRRYVLSSLAKCVFGLNAEQRKTYPLEDFEQMTELALNSHKHGYLMNLMMIRFPNFCRMLRMRRTPKQAEEYFIKLLTSIVEQRETSGKPQKDYLQLLIDVKALEFITYQYEADKELGAHLQNELAAHADVFLKAGYEQTANTLSYVLYELALHPELQVRVREEVKKAIERHDGHITHEGIKSLSFMGQVINETLRMHPITPYILRRTLNDYAVPDHPKYILVKELFLIIPTHAIHHDPDIYPDPEEFKPDRWSGPRDSLQEQGTWFGFGVGARSCIGIQFAQLQLRLALALLLSEYEFSLNTRKPLINLEDGIALTLMPLGVIEPGNEERAV,2
sp|Q9V770|C6A17_DROME,MLLLALIVVILSLLVFAARRRHGYWQRRGIPHDEVHPLFGNIKDWPNKRHIAEIFRDYYFKYKNSDYPFAGFFFFFTRTAVVTDMELLKRVLIKDFNHFENRGVFYNEIDDPLSATLFSIEGQKWRHLRHKLTPTFTSGKMKNMFPIVVKVGEEMDKVFRSKTAADRGQVLEVVDLVARYTADVIGNCAFGLNCNSLYDPKAEFVSIGKRAITEHRYGNMLDIFLFGFPKLSRRLRLKLNIQEAEDFYTKIVRETIDYRLRTKEKRNDFMDSLIEMYKNEQSGNSEDGLTFNELLAQAFIFFVAGFETSSTTMGFALYELARNQDVQDKLREEIGNVFGKHNKEFTYEGIKEMKYLEQVVMETLRKYPVLAHLTRMTDTDFSPEDPKYFIAKGTIVVIPALGIHYDPDIYPEPEIFKPERFTDEEIAARPSCTWLPFGEGPRNCIGLRFGMMQTCVGLAYLIRGYKFSVSPETQIPMKIVVKNILISAENGIHLKVEKLAK,2
sp|Q9VRM7|CP307_DROME,MLAALIYTILAILLSVLATSYICIIYGVKRRVLQPVKTKNSTEINHNAYQKYTQAPGPRPWPIIGNLHLLDRYRDSPFAGFTALAQQYGDIYSLTFGHTRCLVVNNLELIREVLNQNGKVMSGRPDFIRYHKLFGGERSNSLALCDWSQLQQKRRNLARRHCSPREFSCFYMKMSQIGCEEMEHWNRELGNQLVPGEPINIKPLILKACANMFSQYMCSLRFDYDDVDFQQIVQYFDEIFWEINQGHPLDFLPWLYPFYQRHLNKIINWSSTIRGFIMERIIRHRELSVDLDEPDRDFTDALLKSLLEDKDVSRNTIIFMLEDFIGGHSAVGNLVMLVLAYIAKNVDIGRRIQEEIDAIIEEENRSINLLDMNAMPYTMATIFEVLRYSSSPIVPHVATEDTVISGYGVTKGTIVFINNYVLNTSEKFWVNPKEFNPLRFLEPSKEQSPKNSKGSDSGIESDNEKLQLKRNIPHFLPFSIGKRTCIGQNLVRGFGFLVVVNVMQRYNISSHNPSTIKISPESLALPADCFPLVLTPREKIGPL,2
sp|Q9VYQ7|CP311_DROME,MALWPLLLITLTIWILVRKWTLLRLGSSLPGPWAFPLLGNAQMVGKLRPEYIFLVFTELRDRFGATYRLRLGPQLWVFLHSAEETRQALHDPTLRKADTFMQLEPLIGNGLLISHGAHWTRQRRLLTPAFQPQLLRSFAPAIGGHVERLVGRLGATRGAFLEVTEPLFACLLDAIVDTSMGAQLDTQSVDHSPIIQAFHLSSKLLFKRMINPLLSSDWIFQRTQLWRDLDEQLQVIHSQMESVIEKRAKELLDMGEPAGRAHNLLDTLLLAKFEGQSLSRREIRDEINTFVFAGVDTTTAAMSFVLYALAKFPETQTRLRKELQDVALDETTDLDALNGLPYLEALIKEVLRLYTIVPTTGRQTTQSTEIGGRTYCAGVTLWINMYGLAHDKEYYPDPYAFKPERWLPEDGAVAPPAFSYIPFSGGPHVCIGRRYSLLLMKLLTARLVREFQMELSPEQAPLRLEAQMVLKAQQGINVSFLKQ,2
sp|Q9VLZ7|C4D21_DROME,MWILLGIAVLIMTLVWDNSRKQWRVNTFEKSRILGPFTIPIVGNGLQALTLRPENFIQRFGDYFNKYGKTFRLWILGECLIYTKDLKYFESILSSSTLLKKAHLYRFLRDFLGDGLLLSTGNKWTSRRKVLAPAFHFKCLENFVEIMDRNSGIMVEKLKNYADGKTCVDLFKFVSLEALDVTTETAMGVQVNAQNEPNFPYTKALKSVVYIESKRLASVSMRYNWLFPLAAPLVYRRLQKDIAIMQDFTDKVIRERRAILERARADGTYKPLIMGDDDIGGKAKMTLLDILLQATIDNKPLSDVDIREEVDVFIFAGDDTTTSGVSHALHAISRHPKVQECIYEELVSVLGPDPDASVTQTKLLELKYLDCVIKETMRLHPPVPILGRYIPEDLKIGEITIPGNTSILLMPYYVYRDPEYFPDPLVFKPERWMDMKTTSNTPPLAYIPFSSGPKNCIGQKFANLQMKALISKVIRHYELLPLGADLKATYTFILSSSTGNNVGLKPRTRVK,2
sp|Q9FMA5|C85A1_ARATH,MGAMMVMMGLLLIIVSLCSALLRWNQMRYTKNGLPPGTMGWPIFGETTEFLKQGPNFMRNQRLRYGSFFKSHLLGCPTLISMDSEVNRYILKNESKGLVPGYPQSMLDILGTCNMAAVHGSSHRLMRGSLLSLISSTMMRDHILPKVDHFMRSYLDQWNELEVIDIQDKTKHMAFLSSLTQIAGNLRKPFVEEFKTAFFKLVVGTLSVPIDLPGTNYRCGIQARNNIDRLLRELMQERRDSGETFTDMLGYLMKKEGNRYPLTDEEIRDQVVTILYSGYETVSTTSMMALKYLHDHPKALQELRAEHLAFRERKRQDEPLGLEDVKSMKFTRAVIYETSRLATIVNGVLRKTTRDLEINGYLIPKGWRIYVYTREINYDANLYEDPLIFNPWRWMKKSLESQNSCFVFGGGTRLCPGKELGIVEISSFLHYFVTRYRWEEIGGDELMVFPRVFAPKGFHLRISPY,1
sp|Q9T093|C70B3_ARATH,MELISTINLLTIVLLLFVVSKIWKACWILLLRPLMLSKRFKKQGISGPKYKILYGNLSEIKKMKKEADLCVLDPNSNDIFPRVFPQYHQWMSQYGDTFLFWTGTKPTIYISNHELAKQVLSSKFGFTIIPVKRPEVFILFGKGLSFIQGDDWIRHRRILNPAFSMDRLKAMTQPMGDCTLRIFEEWRKQRRNGEVLIKIEISKEFHKLTADIIATTAFGSSYAEGIELCRSQTELEKYYISSLTNVFIPGTQYLPTPTNLKLWELHKKVKNSIKRIIDSRLKSKCKTYGYGDDLLGVMLTAAKSNEYERKMRMDEIIEECKNFYYAGQGTTSILLTWTTMLLSLHQGWQEKLREEVFNECGKDKIPDTDTFSKLKLMNMVLMESLRLYGPVIKISREATQDMKVGHLEIPKGTSIIIPLLKMHRDKAIWGEDAEQFNPLRFENGISQATIHPNALLPFSIGPRACIAKNFAMVEAKTVLTMILQQFQLSLSPEYKHTPVDHFDLFPQYGLPVMLHPLG,1
sp|Q6WNR0|C81E7_MEDTR,MGILSYLCYSLFYLSIFFIIRLLFQSRKFKNLPPGPTSLPIIGNLHHLKRPLNRTFKALTEKYGNVISLWFGSRLVVVVSSLSEFQECFTKNDVVLANRPRFLSGKYIFYNYTTLGSTSYGEHWRNLRRITSLDVLSNHRINNFAPIRRDETQRLIKKLAEDSSTKFAEVELTFRFFDMTFNNIMRMISGKRYYGDDCDISEVQEASQFRDMVSELLQLSGANNKTDFMPLLKFLDFENLEKRVKRIGEKNDVFLSGLLQEQRSKKERTNTMIDHLLNMQESQPEYYTDTIIKGLCLAMLLAGTDSSAVTLEWTMSNILNYPEVLKKVRDEVDTHVGQDRLVDESDLPKLTYLRNVIYETLRLYTPAPLLLPHSTADECIMGGYKVPRDTIVLINAWAIHRDPETWSEATTFKPERFDKKGELEKMIAFGMGRRACPGEGLALRAISMTLALLVQCFDWKRINDEKIDMSERDGFTMTKLLPLKAMCKTRPVVNKVFK,1
sp|Q9VG82|CP9F2_DROME,MLWEFFALFAIAAALFYRWASANNDFFKDRGIAYEKPVLYFGNMAGMFLRKRAMFDIVCDLYTKGGSKKFFGIFEQRQPLLMVRDPDLIKQITIKDFDHFINHRNVFATSSDDDPHDMSNLFGSSLFSMRDARWKDMRSTLSPAFTGSKMRQMFQLMNQVAKEAVDCLKQDDSRVQENELDMKDYCTRFTNDVIASTAFGLQVNSFKDRENTFYQMGKKLTTFTFLQSMKFMLFFALKGLNKILKVELFDRKSTQYFVRLVLDAMKYRQEHNIVRPDMINMLMEARGIIQTEKTKASAVREWSDRDIVAQCFVFFFAGFETSAVLMCFTAHELMENQDVQQRLYEEVQQVDQDLEGKELTYEAIMGMKYLDQVVNEVLRKWPAAIAVDRECNKDITFDVDGQKVEVKKGDVIWLPTCGFHRDPKYFENPMKFDPERFSDENKESIQPFTYFPFGLGQRNCIGSRFALLEAKAVIYYLLKDYRFAPAKKSCIPLELITSGFQLSPKGGFWIKLVQRN,2
sp|Q0WQ07|C7051_ARATH,MDAIVVDSQNCFIIILLCSFSLISYFVFFKKPKVNFDLLPSPPSLPIIGHLHLLLSTLIHKSLQKLSSKYGPLLHLRIFNIPFILVSSDSLAYEIFRDHDVNVSSRGVGAIDESLAFGSSGFIQAPYGDYWKFMKKLIATKLLGPQPLVRSQDFRSEELERFYKRLFDKAMKKESVMIHKEASRFVNNSLYKMCTGRSFSVENNEVERIMELTADLGALSQKFFVSKMFRKLLEKLGISLFKTEIMVVSRRFSELVERILIEYEEKMDGHQGTQFMDALLAAYRDENTEYKITRSHIKSLLTEFFIGAADASSIAIQWAMADIINNREILEKLREEIDSVVGKTRLVQETDLPNLPYLQAVVKEGLRLHPPTPLVVREFQEGCEIGGFFVPKNTTLIVNSYAMMRDPDSWQDPDEFKPERFLASLSREEDKKEKILNFLPFGSGRRMCPGSNLGYIFVGTAIGMMVQCFDWEINGDKINMEEATGGFLITMAHPLTCTPIPLPRTQNSLISHL,1
sp|Q9FMY1|C86B1_ARATH,MNFNSSYNLTFNDVFFSSSSSSDPLVSRRLFLLRDVQILELLIAIFVFVAIHALRQKKYQGLPVWPFLGMLPSLAFGLRGNIYEWLSDVLCLQNGTFQFRGPWFSSLNSTITCDPRNVEHLLKNRFSVFPKGSYFRDNLRDLLGDGIFNADDETWQRQRKTASIEFHSAKFRQLTTQSLFELVHKRLLPVLETSVKSSSPIDLQDVLLRLTFDNVCMIAFGVDPGCLGPDQPVIPFAKAFEDATEAAVVRFVMPTCVWKFMRYLDIGTEKKLKESIKGVDDFADEVIRTRKKELSLEGETTKRSDLLTVFMGLRDEKGESFSDKFLRDICVNFILAGRDTSSVALSWFFWLLEKNPEVEEKIMVEMCKILRQRDDHGNAEKSDYEPVFGPEEIKKMDYLQAALSEALRLYPSVPVDHKEVQEDDVFPDGTMLKKGDKVIYAIYAMGRMEAIWGKDCLEFRPERWLRDGRFMSESAYKFTAFNGGPRLCLGKDFAYYQMKSTAAAIVYRYKVKVVNGHKVEPKLALTMYMKHGLMVNLINRSVSEIDQYYAKSFDEGYIN,1
sp|Q9LW27|C71BF_ARATH,MSVFLCFLVLLPLILIFLNVLKPSKYKLPPGPKKLPIIGNLHQRRTLHPRNRRNLAEMYGPVALLQYGFVPVVAISSKEAAEEVLKINDLECCSRPEAAGMRATFYNFKDIGMAPFGDEWSLMRKLSVVELFSVKKLQSFKYIIEEENNLCVKKLSEFATRQSPVNLERAIFTLVGNIVCRIGYGINLYECDFFEADRVVDLVLKAEAVIRETVFSDFFPGRIGRFIDCISGQNRRLKNNFSVVDTFFQNVLNEHLKPGRESSTIVDLMIDMKKKQENDGDALKFTTDHLKGMISDIFVAGIGGVAGITLWGMTELIRNPRVMKKVQDEIRTTLGDKKERIKEEDLNQLHYFKLVVKETLRLHPTTPLLLPRQTMSHIKIQGYDVPAKTQILVNVYAMGRDPKLWENADEFNPDRFLDSSVDFKGKNYEFIPFGSGRRICPGMTMGTILVEMALLNLLYFFDWGLAKQEEAKEIINGEENFLAFFQVLHH,1
sp|Q93ZB2|KO1_ARATH,MAFFSMISILLGFVISSFIFIFFFKKLLSFSRKNMSEVSTLPSVPVVPGFPVIGNLLQLKEKKPHKTFTRWSEIYGPIYSIKMGSSSLIVLNSTETAKEAMVTRFSSISTRKLSNALTVLTCDKSMVATSDYDDFHKLVKRCLLNGLLGANAQKRKRHYRDALIENVSSKLHAHARDHPQEPVNFRAIFEHELFGVALKQAFGKDVESIYVKELGVTLSKDEIFKVLVHDMMEGAIDVDWRDFFPYLKWIPNKSFEARIQQKHKRRLAVMNALIQDRLKQNGSESDDDCYLNFLMSEAKTLTKEQIAILVWETIIETADTTLVTTEWAIYELAKHPSVQDRLCKEIQNVCGGEKFKEEQLSQVPYLNGVFHETLRKYSPAPLVPIRYAHEDTQIGGYHVPAGSEIAINIYGCNMDKKRWERPEDWWPERFLDDGKYETSDLHKTMAFGAGKRVCAGALQASLMAGIAIGRLVQEFEWKLRDGEEENVDTYGLTSQKLYPLMAIINPRRS,1
sp|Q9LMX7|C78A5_ARATH,MSPEAYVLFFNSFNLVTFEAFASVSLIIATVAFLLSPGGLAWAWTGSSKSRVSIPGPSGSLSVFSGSNPHRVLAALAKRFKASPLMAFSVGFSRFVISSEPETAKEILSSSAFADRPVKESAYELLFHRAMGFAPYGEYWRNLRRISSTHLFSPRRIASFEGVRVGIGMKMVKKIKSLVTSDACGEVEVKKIVHFGSLNNVMTTVFGESYDFDEVNGKGCFLERLVSEGYELLGIFNWSDHFWFLRWFDFQGVRKRCRALVSEVNTFVGGIIEKHKMKKGNNLNGEENDFVDVLLGLQKDEKLSDSDMIAVLWEMIFRGTDTVAILVEWVLARMVLHQDIQDKLYREIASATSNNIRSLSDSDIPKLPYLQAIVKETLRLHPPGPLLSWARLAIHDVHVGPNLVPAGTIAMVNMWSITHNAKIWTDPEAFMPERFISEDVSIMGSDLRLAPFGSGRRVCPGKAMGLATVHLWIGQLIQNFEWVKGSCDVELAEVLKLSMEMKNPLKCKAVPRNVGFA,1
sp|Q6TBX7|LUT1_ARATH,MESSLFSPSSSSYSSLFTAKPTRLLSPKPKFTFSIRSSIEKPKPKLETNSSKSQSWVSPDWLTTLTRTLSSGKNDESGIPIANAKLDDVADLLGGALFLPLYKWMNEYGPIYRLAAGPRNFVIVSDPAIAKHVLRNYPKYAKGLVAEVSEFLFGSGFAIAEGPLWTARRRAVVPSLHRRYLSVIVERVFCKCAERLVEKLQPYAEDGSAVNMEAKFSQMTLDVIGLSLFNYNFDSLTTDSPVIEAVYTALKEAELRSTDLLPYWKIDALCKIVPRQVKAEKAVTLIRETVEDLIAKCKEIVEREGERINDEEYVNDADPSILRFLLASREEVSSVQLRDDLLSMLVAGHETTGSVLTWTLYLLSKNSSALRKAQEEVDRVLEGRNPAFEDIKELKYITRCINESMRLYPHPPVLIRRAQVPDILPGNYKVNTGQDIMISVYNIHRSSEVWEKAEEFLPERFDIDGAIPNETNTDFKFIPFSGGPRKCVGDQFALMEAIVALAVFLQRLNVELVPDQTISMTTGATIHTTNGLYMKVSQR,1
sp|Q9LSF8|C82G1_ARATH,MTFLFSTLQLSLFSLALVIFGYIFLRKQLSRCEVDSSTIPEPLGALPLFGHLHLLRGKKLLCKKLAAMSQKHGPIFSLKLGFYRLVVASDPKTVKDCFTTNDLATATRPNIAFGRYVGYNNASLTLAPYGDYWRELRKIVTVHLFSNHSIEMLGHIRSSEVNTLIKHLYKGNGGTSIVKIDMLFEFLTFNIILRKMVGKRIGFGEVNSDEWRYKEALKHCEYLAVIPMIGDVIPWLGWLDFAKNSQMKRLFKELDSVNTKWLHEHLKKRSRNEKDQERTIMDLLLDILPEDIVISGHVRDVIVKATILALTLTGSDSTSITLTWAVSLLLNNPAALEAAQEEIDNSVGKGRWIEESDIQNLKYLQAIVKETHRLYPPAPLTGIREAREDCFVGGYRVEKGTRLLVNIWKLHRDPKIWPDPKTFKPERFMEDKSQCEKSNFEYIPFGSGRRSCPGVNLGLRVVHFVLARLLQGFELHKVSDEPLDMAEGPGLALPKINPVEVVVMPRLDPKLYSLL,1
sp|Q0WTF4|C81F3_ARATH,MFYYVIVLPLALFLLAYKLFFTSKTKRFNLPPSPPYSLPILGHHNLLKPPVHRLFHRLSKTHGPIFSLQFGSRRAVVISSSSLATQCFTGQNDIILSNRPCFLTAKYVAYNYTTVGTAPYGDHWRNLRRICSLEILSSNRLTNFLHIRKDEIHRMLTRLSRDVNKEIELEPLLSDLTFNNIVRMVTGKRYYGDEVHNEEEANVFKKLVADINDCSGARHPGDYLPFMKMFGGSFEKKVKALAEAMDEILQRLLEECKRDKDGNTMVNHLLSLQQNEPEYYTDVTIKGLMLGMMIAGTDTSAVTLEWAMSSLLNHPEALEKAKLEIDEKIGQERLIDEPDIANLPYLQNIVSETFRLYPAAPLLVPRSPTEDIKVGGYDVPRGTMVMVNAWAIHRDPELWNEPEKFKPERFNGGEGGGRGEDVHKLMPFGNGRRSCPGAGLGQKIVTLALGSLIQCFDWQKVNGEAIDMTETPGMAMRKKIPLSALCQSRPIMSKLQAHLKG,1
sp|Q9LVD6|C81F2_ARATH,MDYVLIVLPLALFLIAYKFLFSSKTQGFNLPPGPTPFPIVGHLHLVKPPVHRLFRRFAEKYGDIFSLRYGSRQVVVISSLPLVRESFTGQNDVILTNRPHFLTAKYVAYDYTTIGTAAYGDHWRNLRRICSLEILSSNRLTGFLSVRKDEIRRLLTKLSREYDGRVVELEPLLADLTFNNIVRMVTGRRYYGDQVHNKEEANLFKKLVTDINDNSGASHPGDYLPILKVFGHGYEKKVKALGEAMDAFLQRLLDECRINGESNTMVSHLLSLQLDQPKYYSDVIIKGLMLSMMLAGTDTAAVTLEWAMANLLKKPEVLKKAKAEIDEKIGEERLVDEPDIANLPYLQNIVSETFRLCPAAPLLVPRSPSEDLKIGGYDIPRGTIVLVNAWAIHRDPRLWDEPEKFMPERFEDQEASKKLMVFGNGRRTCPGATLGQRMVLLALGSLIQCFDWEKVNGEDVDMTENPGMAMRKLVQLRAVCHKRPIMTNLLA,1
sp|Q9V4U7|C6A14_DROME,MLFTIALVGVVLGLAYSLHIKIFSYWKRKGVPHETPLPIVGNMRGIVKKYHFRDINQRIYKKFKGQGPIAGMYMFFKRTALITDLDFIKQVMIKDFSYFQDRGAFTNPRDDPLTGHLFALEGEEWRAMRHKLTPVFTSGKIKQMSKVIVDVGLRLGDAMDKAVKEAKVEEGNVEIKDLCARFTTDVIGSCAFGLECNSLQDPSAEFRQKGREIFTRRRHSTLVQSFIFTNARLARKLRIKVLPDDLTQFFMSTVKNTVDYRLKNGIKRNDFIEQMIELRAEDQEAAKKGQGIDLSHGLTLEQMAAQAFVFFVAGFETSSSTMSLCLYELALQPDIQQRLREEIESVLANVDGGELNYDVLAQMTYLDQVLSETLRKHPLLPHLIRETTKDYQIPNSDIVLDKGILALIPVHNIHHDPEIYPEPEKFDPSRFDPEEVKNRHPMAYLPFGDGPRNCIGLRFGKIQAKIGLVSLLRRFKFSVSNRTDVPLIFSKKSFLLTTNDGIYLKVERV,2
sp|Q9FUY7|C79F2_ARATH,MMMKISFNTCFQILLGFIVFIASITLLGRIFSRPSKTKDRCRQLPPGRPGWPILGNLPELIMTRPRSKYFHLAMKELKTDIACFNFAGTHTITINSDEIAREAFRERDADLADRPQLSIVESIGDNYKTMGTSSYGEHFMKMKKVITTEIMSVKTLNMLEAARTIEADNLIAYIHSMYQRSETVDVRELSRVYGYAVTMRMLFGRRHVTKENMFSDDGRLGKAEKHHLEVIFNTLNCLPGFSPVDYVDRWLGGWNIDGEEERAKVNVNLVRSYNNPIIDERVEIWREKGGKAAVEDWLDTFITLKDQNGNYLVTPDEIKAQCVEFCIAAIDNPANNMEWTLGEMLKNPEILRKALKELDEVVGKDRLVQESDIRNLNYLKACCRETFRIHPSAHYVPPHVARQDTTLGGYFIPKGSHIHVCRPGLGRNPKIWKDPLAYEPERHLQGDGITKEVTLVETEMRFVSFSTGRRGCVGVKVGTIMMAMMLARFLQGFNWKLHRDFGPLSLEEDDASLLMAKPLLLSVEPRLASNLYPKFRP,1
sp|Q9VQD2|CP391_DROME,MFTLVGLCLTIVHVAFAVVYFYLTWYHKYWDKRGVVTAEPLTILGSYPGILINKSRSLILDVQDVYNKYKDKYRTVGTFITRQPQLLVLDPALAHEILVDKFSHFRDTITSSFVGHNPDDKYVAGSPFFSAGDKWKRLRSENVGGLTPSRLKMAYSIWEQSGRKLVEYIERARREQGDIIETRDLAYRFTANAMADFIWGIDAGSLSGKVGEIGDFQKTSTDWSAHAFSSMIRFNKTLVAIFVRKLFSMRFFTKATDEFFLRLTQDAVNLRQGGSGEGRTDYLSHLIQLQQRGNSIHDSVGHALTVHLDGFETSGAVLYHMLYSLSEHHEEQEKLRSEILEALASEGQISYDQINNLPYLDQCFNESLRLTTPIGFFMRICTKPTQINLGDDKTLDLEPGVTVMVPAYQYHHDNDIYPEASEFRPDRFENGAASVLTKRGCFLPFGDGPRICLGMRVGQLSVKTAIVHILSNYQVEQMKKVPLGADSGMGIFLNGDVELKYTKLQK,2
