enz_0,MDLLLLEKSLIAVFVAVILATVISKLRGKKLKLPPGPIPIPIFGNWLQVGDDLNHRNLVDYAKKFGDLFLLRMGQRNLVVVSSPDLTKEVLLTQGVEFGSRTRNVVFDIFTGKGQDMVFTVYGEHWRKMRRIMTVPFFTNKVVQQNREGWEFEAASVVEDVKKNPDSATKGIVLRKRLQLMMYNNMFRIMFDRRFESEDDPLFLRLKALNGERSRLAQSFEYNYGDFIPILRPFLRGYLKICQDVKDRRIALFKKYFVDERKQIASSKPTGSEGLKCAIDHILEAEQKGEINEDNVLYIVENINVAAIETTLWSIEWGIAELVNHPEIQSKLRNELDTVLGPGVQVTEPDLHKLPYLQAVVKETLRLRMAIPLLVPHMNLHDAKLAGYDIPAESKILVNAWWLANNPNSWKKPEEFRPERFFEEESHVEANGNDFRYVPFGVGRRSCPGIILALPILGITIGRMVQNFELLPPPGQSKVDTSEKGGQFSLHILNHSIIVMKPRNC
enz_1,MEMILSISLCLTTLITLLLLRRFLKRTATKVNLPPSPWRLPVIGNLHQLSLHPHRSLRSLSLRYGPLMLLHFGRVPILVVSSGEAAQEVLKTHDHKFANRPRSKAVHGLMNGGRDVVFAPYGEYWRQMKSVCILNLLTNKMVESFEKVREDEVNAMIEKLEKASSSSSSENLSELFITLPSDVTSRVALGRKHSEDETARDLKKRVRQIMELLGEFPIGEYVPILAWIDGIRGFNNKIKEVSRGFSDLMDKVVQEHLEASNDKADFVDILLSIEKDKNSGFQVQRNDIKFMILDMFIGGTSTTSTLLEWTMTELIRSPKSMKKLQDEIRSTIRPHGSYIKEKEVENMKYLKAVIKEVLRLHPSLPMILPRLLSEDVKVKGYNIAAGTEVIINAWAIQRDTAIWGPDAEEFKPERHLDSGLDYHGKNLNYIPFGSGRRICPGINLALGLAEVTVANLVGRFDWRVEAGPNGDQPDLTEAIGIDVCRKFPLIAFPSSVV
enz_2,MWFVLYIFLALPLLLVAYLELSTFRRRRVLNKFNGPRGLPLMGNAHQMGKNPSEILDTVFSWWHQYGKDNFVFWIGTYSNVLVTSSKYLEFILSSQTLITKSDIYQLTHPWLGLGLLTSTGSKWHKHRKMITPAFHFNILQDFHEVMNENSTKFIKHLKTVAAGDNIFDFQEQAHYLTLDVICDTAMGVSINAMENRSSSIVQAFKDMCYNINMRAFHPLKRNELLYRLAPDYPAYSRTLKTLQDFTNEIIAKRIEAHKSGAVSTNAGDEFTRKKMAFLDTLLSSTIDGRPLNSKELYEEVSTFMFEGHDTTTSGVSFAVYLLSRHQDEQRKLFKEQREVMGNSELGRDATFQEISQMKYLDLFIKEAQRVYPSVPFIGRFTEKDYVIDGDLVPKGTTLNLGLVMLGYNEKVFKDPHKFRPERFELEKPGPFEYVPFSAGPRNCIGQKFALLEIKTVVSKIIRNFEVLPALDELVSKDGYISTTIGLPDAERKKRDPYRHKYDPILSAVLTLKSENGLYIRLKERH
enz_3,MFNYVIILPLALFLLAYKFFFTSKKQRYYLPPSPSYSLPILGHHLLIKPPVHRLFHRLSNIHGPIFYLRLGSRRAVVISSSSLARECFTGQNDVIVSNRPRFLTSKYIAYNYTTIATTSYGDHWRNLRRICSLEIVSSKRLANFLHIRKEEIQRMLTRLSRDARVGKEVELESILYDLTFNNIVRMVTGKIYYGDDVSDKEEAELFKKLFTFITTNSGARHPGEYLPFMKIFGGSFEKEVKAAAKVIDEMLQRLLDECKSDKDGNTMVNHLLSLQQDDPEYYTDIIIKGLMLGIMVASSETSALTIEWAMASLLNHPKVLDKVKLEIDEIIGQDRLIEESDIANLPYLQNVVSETLRLHPAAPVLVPRSTAEDIKIGGYDVPRDTMVMVNAWAIHRDPDLWTEPERFNPERFNGGEGEKDDVRMLIAFGSGRRICPGVGLAHKIVTLALGSLIQCFDWKKVNEKEIDMSEGPGMAMRMMVPLRALCKTRPIMNKLPAYTKV
enz_4,MASMITVDFENCFIFLLLCLFSRLSYDLFFRKTKDSRAGCALPPSPPSLPIIGHLHLILFVPIHQSFKNISSKYGPLLHLRFFNFPIVLVSSASTAYEIFKAQDVNVSSRPPPPIEESLILGSSSFINTPYGDYSKFMKKFMVQKLLGPQALQRSRNIRADELERFYKTLLDKAMKKQTVEIRNEAMKLTNNTICKMIMGRSCSEENGEAETVRGLVTESIFLTKKHFLGAMFHKPLKKLGISLFAKELMNVSNRFDELLEKILVEHEEKLQEHHQTSDMLDMLLEAYGDENAEYKITRDQIKSLFVDLFSAGTEASANTIQWTMAEIIKNPKICERLREEIDSVVGKTRLVQETDLPNLPYLQAIVKEGLRLHPPGPVVRTFKETCEIKGFYIPEKTRLFVNVYAIMRDPDFWEDPEEFKPERFLASSRLGEEDEKREDMLKYIPFGSGRRACPGSHLAYTVVGSVIGMMVQHFDWIIKGEKINMKEGGTMTLTMAHPLKCTPVPRNLNT
enz_5,MFNYVIILPLALFLLAYKFFFTSKKQRYYLPPSPSYSLPILGHHLLIKPPVHRLFHRLSNIHGPIFYLRLGSRRAVVISSSSLARECFTGQNDVIVSNRPRFLTSKYIAYNYTTIATTSYGDHWRNLRRICSLEIVSSKRLANFLHIRKEEIQRMLTRLSRDARVGKEVELESILYDLTFNNIVRMVTGKIYYGDDVSDKEEAELFKKLFTFITTNSGARHPGEYLPFMKIFGGSFEKEVKAAAKVIDEMLQRLLDECKSDKDGNTMVNHLLSLQQDDPEYYTDIIIKGLMLGIMVASSETSALTIEWAMASLLNHPKVLDKVKLEIDEIIGQDRLIEESDIANLPYLQNVVSETLRLHPAAPVLVPRSTAEDIKIGGYDVPRDTMVMVNAWAIHRDPDLWTEPERFNPERFNGGEGEKDDVRMLIAFGSGRRICPGVGLAHKIVTLALGSLIQCFDWKKVNEKEIDMSEGPGMAMRMMVPLRALCKTRPIMNKLPAYTKV
enz_6,MLTLMTLIVLVPLLLFLFPHLLLRRQMLLKPYPPGPKGLPVIGNILMMNQFNHRGLAKLSRIYGGLLHLRLGFSHIFVVSSPDIARQVLQVQDHVFSNRPTTIAIRYLTYGGSDLAFCNYGPFWRRMRKLYVMMLFSRKRAESWVSVDEEVHKSVRLVASNVGKPLNICKLAFSLSRDITFRAAFGSSSSTSDESRLDEFLEIIQEFSKLFGEFNVADYVPSWLSWIDPQGINGRVEKARKSLDGFIESVIDDHLHKKKREHDNVDEETDMVDQLLAFYEEEVKVNNSVTKINLDNIKGIIMDVMFGGTETVALAIEWVLTEILRSPENMKRVQDELTSVVGLDRWRVEDTHLEKLTFLKCILKETLRLHPPFPLLLHETVKDTEISGYFIPKGSRVMVNTYALGRDPNSWSDPESFNPGRFLNPIAPDLKGNNFEFVPFGSGRRSCPGMQLGLYAFELAVAHLLHCFTWSLPDGMNPGDVDTVEGPGLTVPKAIPLVAVPTTRLLCPIVVS
enz_7,MEISNAMLLVAIVTGYWLWFKRISRWLKGPRVWPLLGSLPGLIEQRDRMHEWITENLRACGGTYQTCIFAVPFLAKKQGLVTVTCDPKNLEHMLKTRFDNYPKGPTWQSVFHDLLGQGIFNSDGDTWLFQRKTAALEFTTRTLRQAMGRWVNRGIKLRFCPILATAQDNAEPVDLQDLILRLTFDNICGLAFGKDTRTCAPGLPENGFASAFDRATEASLQRFIIPKFMWKLKKWLGLGLEVSLSRSLGEIDEYLAAVINTRKQELMSQQESGTHQRHDDLLSRFMMKKTESYSDTFLQHVALNFILAGRDTSSVALSWFFWLITMHPTVEDKIVREICSVLIETRGTDDVASWTEEPLGFDEIDRLVYLKAAISETLRLYPSVPEDSKHVENDDVLPDGTFVPAGSSVTYSIYAAGRMKSTWGEDCLEFNPERWISPIDGKFINHDQYRFVAFNAGPRICLGKDLAYLQMKTIAAAVLLRHRLTVVPGHKVEQKMSLTLFMKNGLLVNLYKRDLQGIIKSLVVKKSDGVSNGQCNGVIGEGVAVYLNTGVAVV
enz_8,MVYSTNILLAIVTILTGVFIWSRRTYVYWQRRRVKFVQPTHLLGNLSRVLRLEESFALQLRRFYFDERFRNEPVVGIYLFHQPALLIRDLQLVRTVLVEDFVSFSNRFAKCDGRSDKMGALSLFLAKQPEWREIRTRLAPAFAGAKLKQMFSLMEEIGCDLEWYLKRLTRDLRRGDAERGAIVSIKDVCDLYNTDMIASIAFGLRSYSLRNTQSEIGSHCQDLFRPNVRRIIDLFVIFYLPKLVPLLRPKLFTEPHAEFLRRVIQLVIEERERGGDLRNDLIEMLLTLKKEADLQQDKSHFTHHRDFLAAQAASFEVAGIETCSASMSFALYELAKQPLMQSRLRREIREAFASNPNGRLTYEAVARMEFLDMVVEETLRKYPIVPLLERECTPINKKRFYSLRPHAECYTRRGMPVFISNLAIHHDPKYWPDPDRFDPERFSAANKALQAPMSYMPFGAGPRNCIGMQIGLLQIKLGLVYFLHQHRVEICDRTVERIQFDAKFALLASEQRIYLKVDCL
enz_9,MMICLLWISVAILVVIHWIYKVNKDYNILAFFARRVQTKDGKPLDSLVPMIKGRTVFANCFDLLGKDTDQVFTHLRQLAKNSGDSYLQYSMGFSNFNVIDAHNAANILNHPNLITKGVIYNFLHPFLRTGVLTATEKKWHTRRSMLTRTFHLDILNQFQEIFIAESLKFVSQFQGQNEVVVSLKDRISRFTLNSICETAMGIKLDEMAEKGDRYRANFHIIDEGLTRRIVNPLYWDDCVYNMFTGHKYNAALKVVHEFSREIIAKRRVLLEEELENRRATQTADDDICVIRKKRFAMLDTLICAEKDGLIDDIGISEEVDTLMAEGYDTTSIGLVFGLMNMSLYAAEQELCYQEIQEHILDDLSNLNLSQLSKLNYLGYFIKETMRLYPSIPIMGRQTLQETELENGLILPKRSQINIHVFDIHRNPKYWESPEEFRPERFLPQNCLKRHPYAYIPFSAGQRNCIGQKYAMQEMKTLMVVILKHFKILPVIDPKSIVFQVGITLRFKNKIKVKLVRRNCV
enz_10,MWLAVLALLVLPLITLVYFERKASQRRQLLKEFNGPTPVPILGNANRIGKNPAEILSTFFDWWYDYGKDNFLFWIGYSSHIVMTNPKQLEYILNSQQLIQKSTIYDLLHPWLGHGLLTSFGSKWHKHRKMITPSFHFNILQDFHEVMNENSAKFMTQLKKASAGDTIIDFQEHANYLTLDVICDTAMGVPINAMEQRDSSIVQAFRDMCYNINMRAFHPFKRSNRVFSLTPEFSAYQKTLKTLQDFTYDIIEKRVYALQNGGSKEDHDPSLPRKKMAFLDTLLSSTIDGRPLTRQEIYEEVSTFMFEGHDTTTSGVSFSVYLLSRHPDVQRKLYREQCEVMGHDMNRSVSFQEIAKMKYLDLFIKEAQRVYPSVPFIGRYCDKDYDINGSIVPKGTTLNLALILLGYNDRIFKDPHHFRPERFEEEKPAPFEYLPFSAGPRNCIGQKFALLELKTVISKVVRSFEVLPAVDELVSTDGRLNTYLGLAPDEKLKREAGRHKYDPILSAVLTLKSDNGLHLRLRERRS
enz_11,MLLLLLLGSLTIVFYIWQRRTLSFWERHGVKYIRPFPVVGCTREFLTAKVPFFEQIQKFHEAPGFENEPFVGVYMTHRPALVIRDLELIKTVMIKKFQYFNNRVLQTDPHNDALGYKNLFFARSPGWRELRTKISPVFTSGKIKQMYPLMVKIGKNLQDSAERLGSGTEVQVKDLCSRFTTDLIATIAFGVEANALQDAKSEFFYHNRAIFSLTLSRGIDFAIIFMIPALASLARVKLFSRETTKFIRSSVNYVLKERERTGEKRNDLIDILLALKREAAANPGKMSKEVDLDYLVAQAAVFQTAGFETSASTMTMTLYELAKNEALQDRLRQEIVDFFGDEDHISYERIQEMPYLSQVVNETLRKYPIVGYIERECSQPAEGERFTLEPFHNMELPHGMSIYMSTVAVHRDPQYWPDPEKYDPERFNSSNRDNLNMDAYMPFGVGPRNCIGMRLGLLQSKLGLVHILRNHRFHTCDKTIKKIEWAPTSPVMASKRDIILRVEKVSGKKDFGQK
enz_12,MLKVRSALSLIQSQKATLSLATQKRWQTNVATAEAREDSEWLQAKPFEQIPRLNMWALSMKMSMPGGKYKNMELMEMFEAMRQDYGDIFFMPGIMGNPPFLSTHNPQDFEVVFRNEGVWPNRPGNYTLLYHREEYRKDFYQGVMGVIPTQGKPWGDFRTVVNPVLMQPKNVRLYYKKMSQVNQEFVQRILELRDPDTLEAPDDFIDTINRWTLESVSVVALDKQLGLLKNSNKESEALKLFHYLDEFFIVSIDLEMKPSPWRYIKTPKLKRLMRALDGIQEVTLAYVDEAIERLDKEAKEGVVRPENEQSVLEKLLKVDRKVATVMAMDMLMAGVDTTSSTFTALLLCLAKNPEKQARLREEVMKVLPNKNSEFTEASMKNVPYLRACIKESQRLHPLIVGNARVLARDAVLSGYRVPAGTYVNIVPLNALTRDEYFPQASEFLPERWLRSPKDSESKCPANELKSTNPFVFLPFGFGPRMCVGKRIVEMELELGTARLIRNFNVEFNYPTENAFRSALINLPNIPLKFKFIDLPN
enz_13,MLYFILLPLLFLVISYKFLYSKTQRFNLPPGPPSRPFVGHLHLMKPPIHRLLQRYSNQYGPIFSLRFGSRRVVVITSPSLAQESFTGQNDIVLSSRPLQLTAKYVAYNHTTVGTAPYGDHWRNLRRICSQEILSSHRLINFQHIRKDEILRMLTRLSRYTQTSNESNDFTHIELEPLLSDLTFNNIVRMVTGKRYYGDDVNNKEEAELFKKLVYDIAMYSGANHSADYLPILKLFGNKFEKEVKAIGKSMDDILQRLLDECRRDKEGNTMVNHLISLQQQQPEYYTDVIIKGLMMSMMLAGTETSAVTLEWAMANLLRNPEVLEKARSEIDEKIGKDRLIDESDIAVLPYLQNVVSETFRLFPVAPFLIPRSPTDDMKIGGYDVPRDTIVMVNAWAIHRDPEIWEEPEKFNPDRYNDGCGSDYYVYKLMPFGNGRRTCPGAGLGQRIVTLALGSLIQCFEWENVKGEEMDMSESTGLGMRKMDPLRAMCRPRPIMSKLLL
enz_14,MLGVVGVLLLVAFATLLLWDFLWRRRGNGILPGPRPLPFLGNLLMYRGLDPEQIMDFVKKNQRKYGRLYRVWILHQLAVFSTDPRDIEFVLSSQQHITKNNLYKLLNCWLGDGLLMSTGRKWHGRRKIITPTFHFKILEQFVEIFDQQSAVMVEQLQSRADGKTPINIFPVICLTALDIIAETAMGTKINAQKNPNLPYVQAVNDVTNILIKRFIHAWQRVDWIFRLTQPTEAKRQDKAIKVMHDFTENIIRERRETLVNNSKETTPEEEVNFLGQKRRMALLDVLLQSTIDGAPLSDEDIREEVDTFMFEGHDTTTSAISFCLYEISRHPEVQQRLQQEIRDVLGEDRKSPVTLRDLGELKFMENVIKESLRLHPPVPMIGRWFAEDVEIRGKHIPAGTNFTMGIFVLLRDPEYFESPDEFRPERFDADVPQIHPYAYIPFSAGPRNCIGQKFAMLEMKSTVSKLLRHFELLPLGPEPRHSMNIVLRSANGVHLGLKPRA
enz_15,MDTSLFSLFVPILVFVFIALFKKSKKPKYVKAPAPSGAWPIIGHLHLLGGKEQLLYRTLGKMADHYGPAMSLQLGSNEAFVVSSFEVAKDCFTVNDKALASRPMTAAAKHMGYNFAVFGFAPYSAFWREMRKIATIELLSNRRLQMLKHVRVSEITMGVKDLYSLWFKNGGTKPVMVDLKSWLEDMTLNMIVRMVAGKRYFGGGGSVSSEDTEEAMQCKKAIAKFFHLIGIFTVSDAFPTLSFFDLQGHEKEMKQTGSELDVILERWIENHRQQRKFSGTKENDSDFIDVMMSLAEQGKLSHLQYDANTSIKSTCLALILGGSDTSASTLTWAISLLLNNKEMLKKAQDEIDIHVGRDRNVEDSDIENLVYLQAIIKETLRLYPAGPLLGPREAMEDCTVAGYYVPCGTRLIVNVWKIQRDPKVYMEPNEFRPERFITGEAKEFDVRGQNFELMPFGSGRRSCPGSSLAMQVLHLGLARFLHSFDVKTVMDMPVDMSENPGLTIPKATPLEVLISPRIKEELFV
enz_16,MELDSENKLLKTGLVIVATLVIAKLIFSFFTSDSKKKRLPPTLKAWPPLVGSLIKFLKGPIIMLREEYPKLGSVFTVNLVHKKITFLIGPEVSAHFFKASESDLSQQEVYQFNVPTFGPGVVFDVDYSVRQEQFRFFTEALRVNKLKGYVDMMVTEAEDYFSKWGESGEVDIKVELERLIILTASRCLLGREVRDQLFDDVSALFHDLDNGMLPISVLFPYLPIPAHRRRDRAREKLSEIFAKIIGSRKRSGKTENDMLQCFIESKYKDGRQTTESEVTGLLIAALFAGQHTSSITSTWTGAYLMRYKEYFSAALDEQKNLIAKHGDKIDHDILSEMDVLYRCIKEALRLHPPLIMLMRASHSDFSVTARDGKTYDIPKGHIVATSPAFANRLPHIFKDPDTYDPERFSPGREEDKAAGAFSYIAFGGGRHGCLGEPFAYLQIKAIWSHLLRNFELELVSPFPEIDWNAMVVGVKGNVMVRYKRRQLS
enz_17,MWTILLTILIAGLLYRYVKRHYTHWQRLGVDEEPAKIPFGVMDTVMKQERSLGMALADIYARHEGKIVGIYMLNKRSILIRDAQLARQIMTSDFASFHDRGVYVDEDKDPLSANLFNLRGASWRNLRQKLTPSFSSGKIKGMFGTIDDVGDKLVQHLEGALDQSDEVEIKDVMTTYAVDIIGSVIFGLEIDSFRNPKNEFREISSSTSRDESLLLKIHNMSMFICPPIAKLMNRLGYESRILTSLRDMMKRTIEFREEHNVVRKDMLQLLIRLRNTGKIGEDDDQVWDMETAQEQLKSMSIEKIAAQAFLFYVAGSESTAAASAFTLYELSMYPELLKEAQEEVDAVLMKHNLKPKDRFTYEAVQDLKFLDICIMETIRKYPGLPFLNRECTEDYPVPGTNHIIAKGTPILISLFGMQRDPVYFPNPNGYDPHRFDSNNMNYDQAAYMPFGEGPRHCIALRMGKVNSKVAVAKILANFDLVQSPRKEVEFRFDAAPVLVTKEPLKLRLTKRK
enz_18,MVAAMAFPAAATYPTHFQGGALHLGRTDHCLFGFYPQTISSVNSRRASVSIKCQSTEPKTNGNILDNASNLLTNFLSGGSLGSMPTAEGSVSDLFGKPLFLSLYDWFLEHGGIYKLAFGPKAFVVISDPIIARHVLRENAFSYDKGVLAEILEPIMGKGLIPADLDTWKLRRRAITPAFHKLYLEAMVKVFSDCSEKMILKSEKLIREKETSSGEDTIELDLEAEFSSLALDIIGLSVFNYDFGSVTKESPVIKAVYGTLFEAEHRSTFYFPYWNFPPARWIVPRQRKFQSDLKIINDCLDGLIQNAKETRQETDVEKLQERDYTNLKDASLLRFLVDMRGVDIDDRQLRDDLMTMLIAGHETTAAVLTWAVFLLSQNPEKIRKAQAEIDAVLGQGPPTYESMKKLEYIRLIVVEVLRLFPQPPLLIRRTLKPETLPGGHKGEKEGHKVPKGTDIFISVYNLHRSPYFWDNPHDFEPERFLRTKESNGIEGWAGFDPSRSPGALYPNEIIADFAFLPFGGGPRKCIGDQFALMESTVALAMLFQKFDVELRGTPESVELVSGATIHAKNGMWCKLKRRSK
enz_19,MASISTPFPISLHPKTVRSKPLKFRVLTRPIKASGSETPDLTVATRTGSKDLPIRNIPGNYGLPIVGPIKDRWDYFYDQGAEEFFKSRIRKYNSTVYRVNMPPGAFIAENPQVVALLDGKSFPVLFDVDKVEKKDLFTGTYMPSTELTGGYRILSYLDPSEPKHEKLKNLLFFLLKSSRNRIFPEFQATYSELFDSLEKELSLKGKADFGGSSDGTAFNFLARAFYGTNPADTKLKADAPGLITKWVLFNLHPLLSIGLPRVIEEPLIHTFSLPPALVKSDYQRLYEFFLESAGEILVEADKLGISREEATHNLLFATCFNTWGGMKILFPNMVKRIGRAGHQVHNRLAEEIRSVIKSNGGELTMGAIEKMELTKSVVYECLRFEPPVTAQYGRAKKDLVIESHDAAFKVKAGEMLYGYQPLATRDPKIFDRADEFVPERFVGEEGEKLLRHVLWSNGPETETPTVGNKQCAGKDFVVLVARLFVIEIFRRYDSFDIEVGTSPLGSSVNFSSLRKASF
enz_20,MLDVVALLLIALAVGFWFVRTRYSYWTRRGIGSEPARFPVGNMEGFRKNKHFIDIVTPIYEKFKGNGAPFAGFFMMLRPVVLVTDLELAKQILIQDFANFEDRGMYHNERDDPLTGHLFRIDGPKWRPLRQKMSPTFTSAKMKYMFPTVCEVGEELTQVCGELADNAMCGILEIGDLMARYTSDVIGRCAFGVECNGLRNPEAEFAIMGRRAFSERRHCKLVDGFIESFPEVARFLRMRQIHQDITDFYVGIVRETVKQREEQGIVRSDFMNLLIEMKQRGELTIEEMAAQAFIFFAAGFDTSASTLGFALYELAKQPALQAKLREEIDQALRLHNGEFTYDSMQELRYMELVIAETLRKYPILPQLTRISRHLYAAKGDRHFYIEPGQMLLIPVYGIHHDPALYPEPHKFIPERFLADQLAQRPTAAWLPFGDGPRNCIGMRFGKMQTTIGLVSLLRNFHFSVCPRTDPKIEFLKSNILLCPANGIYLKVQQLSQMSS
enz_21,MFVLIYLLIAISSLLAYLYHRNFNYWNRRGVPHDAPHPLYGNMVGFRKNRVMHDFFYDYYNKYRKSGFPFVGFYFLHKPAAFIVDTQLAKNILIKDFSNFADRGQFHNGRDDPLTQHLFNLDGKKWKDMRQRLTPTFTSGKMKFMFPTVIKVSEEFVKVITEQVPAAQNGAVLEIKELMARFTTDVIGTCAFGIECNTLRTPVSDFRTMGQKVFTDMRHGKLLTMFVFSFPKLASRLRMRMMPEDVHQFFMRLVNDTIALRERENFKRNDFMNLLIELKQKGRVTLDNGEVIEGMDIGELAAQVFVFYVAGFETSSSTMSYCLYELAQNQDIQDRLRNEIQTVLEEQEGQLTYESIKAMTYLNQVISETLRLYTLVPHLERKALNDYVVPGHEKLVIEKGTQVIIPACAYHRDEDLYPNPETFDPERFSPEKVAARESVEWLPFGDGPRNCIGMRFGQMQARIGLAQIISRFRVSVCDTTEIPLKYSPMSIVLGTVGGIYLRVERI
enz_22,MATSSSAWLIFSDHYREILIAIACLVVFSLLRSARSSSKGGLPYNWPIFGMLPAIISNNQFNDFTTARLRKMGWTFIFKGPWLLDMDYIFTCDPSNINHMFNDNFENYPKGELGKVFDIFGNNIFNADGDLWHDHRKMAQTILWDGNYRTMQATFIRNKMDNALIPILDSAACKRNPVDLQDVLLRFTFDTSCFSVLAADPESLTMEFPPVPFSKAADQALDAALTRHITPRLIWKLKRFFNVGSERTLAVAWKVIDSYIYDKIAELKAKRKLVGKINSYDAVSFYMDNFNIHDDKFLRDNAFTYLLAQRNTQSLTMTWLFYALFENPKVELKILSELKSIVDESSERKFNDGFALFDSNMIQSAIYLHATLCEALRIYPPVPFEIKDAHKADVLPSGHKVRAGEKILFSPYAMARMKGIWGDDCLEFKPERWITGNGTLKHEPAYKFFAFSAGPRICLGKELSFTQMKMVVATIIYNFHLQMVKGHVVEQSNSILMDMKHGLMVQVRKRSVM
enz_23,MSWFLIAVATIAAVVSYKLIQRLRYKFPPGPSPKPIVGNLYDIKPVRFRCYYEWAQSYGPIISVWIGSILNVVVSSAELAKEVLKEHDQKLADRHRNRSTEAFSRNGQDLIWADYGPHYVKVRKVCTLELFTPKRLESLRPIREDEVTAMVESVFRDCNLPENRAKGLQLRKYLGAVAFNNITRLAFGKRFMNAEGVVDEQGLEFKAIVSNGLKLGASLSIAEHIPWLRWMFPADEKAFAEHGARRDRLTRAIMEEHTLARQKSSGAKQHFVDALLTLKDQYDLSEDTIIGLLWDMITAGMDTTAITAEWAMAEMIKNPRVQQKVQEEFDRVVGLDRILTEADFSRLPYLQCVVKESFRLHPPTPLMLPHRSNADVKIGGYDIPKGSNVHVNVWAVARDPAVWKNPFEFRPERFLEEDVDMKGHDFRLLPFGAGRRVCPGAQLGINLVTSMMSHLLHHFVWTPPQGTKPEEIDMSENPGLVTYMRTPVQAVATPRLPSDLYKRVPYDM
enz_24,MDLLLIIAGLVAAAAFFFLRSTTKKSLRLPPGPKGLPIIGNLHQMEKFNPQHFLFRLSKLYGPIFTMKIGGRRLAVISSAELAKELLKTQDLNFTARPLLKGQQTMSYQGRELGFGQYTAYYREMRKMCMVNLFSPNRVASFRPVREEECQRMMDKIYKAADQSGTVDLSELLLSFTNCVVCRQAFGKRYNEYGTEMKRFIDILYETQALLGTLFFSDLFPYFGFLDNLTGLSARLKKAFKELDTYLQELLDETLDPNRPKQETESFIDLLMQIYKDQPFSIKFTHENVKAMILDIVVPGTDTAAAVVVWAMTYLIKYPEAMKKAQDEVRSVIGDKGYVSEEDIPNLPYLKAVIKESLRLEPVIPILLHRETIADAKIGGYDIPAKTIIQVNAWAVSRDTAAWGDNPNEFIPERFMNEHKGVDFKGQDFELLPFGSGRRMCPAMHLGIAMVEIPFANLLYKFDWSLPKGIKPEDIKMDVMTGLAMHKKEHLVLAPTKHI
enz_25,MIAVFSLIAAALAVGSLVLLPVVLRGGCLLVVTIVWLWQILHFWHWRRLGVPFVPAAPFVGNVWNLLRGACCFGDQFRELYESKEAAGRAFVGIDVLHNHALLLRDPALIKRIMVEDFAQFSSRFETTDPTCDTMGSQNLFFSKYETWRETHKIFAPFFAAGKVRNMYGLLENIGQKLEEHMEQKLSGRDSMELEVKQLCALFTTDIIASLAFGIEAHSLQNPEAEFRRMCIEVNDPRPKRLLHLFTMFFFPRLSHRVGTHLYSEEYERFMRKSMDYVLSQRAESGENRHDLIDIFLQLKRTEPAESIIHRPDFFAAQAAFLLLAGFDTSSSTITFALYELAKNTTIQDRLRTELRAALQSSQDRQLSCDTVTGLVYLRQVVDEVLRLYPPTAFLDRCCNSRTGYDLSPWNGGSPFKLRAGTPVYISVLGIHRDAQYWPNPEVFDPERFSAEQRQQHHPMTYLPFGAGPRGCIGTLLGQLEIKVGLLHILNHFRVEVCERTLPEMRFDPKAFVLTAHNGTYLRFVKNSL
enz_26,MSVGTVLLTALLALVGYLLMKWRSTMRHWQDLGIPCEEPHILMGSMKGVRTARSFNEIWTSYYNKFRGSGPFAGFYWFRRPAVFVLETSLAKQILIKEFNKFTDRGFFHNPEDDPLSGQLFLLDGQKWRTMRNKLSSTFTSGKMKYMFPTVVKVANEFTDVFGQNVAKSPVVEVRELLARFTTDVIGTCAFGIECSSLKDPDAEFREMGRRSLTEQRLGPVGIGFVNSFPNLARRLHMKMTAEPIERFFMRIVRETVAFREQNNIRRNDFMDQLIDLKNKPLMVSQSGESVNLTIEEIAAQAFVFFAAGFETSSTTMGFALYELAQNQDIQNRVRKECQEVIEKCNGELNYESMKDLVYLDQVVSETLRLYTVLPVLNRECLEDYEVPGHPKYVIKKGMPVLIPCGAMHRDEKLYANPNTFNPDNFSPERVKERDSVEWLPFGDGPRNCIGMRFGQMQARIGLALLIKDFKFSVCEKTTIPMTYNKEMFLIASNSGIYLKAERV
enz_27,MATSSSAWLIFSDHYPEILIAIACFLIFSLLLSARSSSEDSLPYNWPIFGMLPAIISNSQFNDFTTARLRKMGWTFIFKGPWLLDMDYIFTCDPSNINHMFNDNFENYPKGELGKVFDIFGNNIFNADGDLWHDHRKMAQTILWDGNYRTMQATFIRNKMDNALIPILDSAASKRKPVDLQDVFFRFTFDTSCFSVLAADPESLTMEFPAVPFSKAADQALDAALTRHITPRLIWKLKRFFNVGSERTLAVAWKVIDSYIYDKIAELKAKRKLVGKINSYDAVSFYMDNFNIHDDKFLRDNAFTYLLAQRNTQSLTMAWLFYALFENPKVELKILSELKSIVDESSERRFNDGFALFDSNMIQSAIYLHATLCEALRIYPPVPFEIKDAHKADVLPSGHKVRAGEKILFSPYAMARMKGIWGDDCLEFKPERWITGNGTLKHEPAYKFFAFSAGPRICLGKELSFTQMKMVVATIIYNFHLQMVKGHVVEQSNSILMDMKHGLMVQVRKRSVM
enz_28,MATSSSAWLMFSDHYPEILIAIACFLIFSLLLSARSSSKDSLPYNWPIFGMLPAIISNNQFNDFTTARLRKMGWTFIFKGPWLLDMDYIFTCDPSNINHMFNDNFENYPKGELGKVFDIFGNNIFNADGDLWHDHRKMAQTILWDGNYRTMQATFIRNKMDNALIPILDSAACKRKPVDLQDVLLRFTFDTSCFSVLAADPESLTMEFPPVPFSKAADQALDAALTRHITPRLIWKLKRFFNVGSERTLAVAWKVIDSYIYDKIAELKAKRKLVGKINSYDAVSFYMDNFNIHDDKFLRDNAFTYLLAQRNTQSLTMTWLFYALFENPKVELKILSELKSIVDESSERKFNDGFALFDSNMIQSAIYLHATLCEALRIYPPVPFEIKDAHKADVLPSGHKVRAGEKILFSPYAMARMKGIWGDDCLEFKPERWITGNGTLKHEPAYKFFAFSAGPRICLGKELSFTQMKMVVATIIYNFHLQMVKGHVVEQSNSILMDMKHGLMVQVRKRSVM
enz_29,MAILLGLVVGVLTLVAWWVLQNYTYWKRRGIPHDPPNIPLGNTGELWRTMPLAGILKRTYLKFRKQTDGPFAGFYLYAMKYIVITDVDFVKTVLIRDFDKFHDRGVYHNEKDDPLTNNLATIEGQKWKNLRQKLTHTFTSAKMKSMFSTVLNVGDEMIRVVDEKISSSSQTLEVTDIVSRFTSDVIGICAFGLKCNSLRDPKAEFVQMGYSALRERRHGWLVDLLIFGMPKLAVKLGFQFLLPSVQKFYMKIVQDTIDYRMKRKVTRNDFMDTLIDMKQQYDKGDKENGLAFNEVAAQAFVFFLAGFEAGSTTMGFTLYELACNQDVQDKLRAEIDSVLERYNGKLEYDSMQDLFYMEKVINESLRKHPVVAHLARIATKPYQHSNPKYFIEAGTGVLVSTLGIHHDPEFYPEPEKFIPERFDEEQVKKRPTCAFLPFGAGPRNCIGLRFGRMQVIIGLALLIHNFRFELHPKTPVPMKYTINNLLLGSEGGIHLNITKVVRD
enz_30,MLVVLLVALLVTRLVASLFRLALKELRHPLQGVVPSVSRVPLLGAAWQMRSFQPDNLHDKFAEYVKRFGRSFMGTVLGHVVMVTAEPRHIDALLQGQHQLKKGTMYFALRGWLGDGLLLSRGKEWHTMRKIITPTFHFSILEQFVEVFDRQSSILVERLRTLSYGNEVVNIYPLVGLAALDIITETAMGVNVDAQGADSEVVHAVKDLTNILATRFMRPHLLFPHLFRLCWPSGFRKQQAGVICLHEFTNGIIEQRRRLLAREANQDKPTKPHALLDTLLRATVDGQPLTDKQIRDEVNTFIFEGHDTTTSAVSFCLYLLSRHEAVQQKLFEELRMHYGQDLFRGVILSDFATLPYLSCVVKESLRLYPPIPAVARCLEKDLVIDEGYIPVGTNVVVLLWQLLRDEAIFTDPLVFQPERHLGEEAPRLSPYSYIPFSAGPRNCIGQKFALLEMKTMVTKVIRHYQLLPMGADVEPSIKIVLRSKSGVNVGLRPRLY
enz_31,MAVEVVQETLQQAASSSSTTVLGFSPMLTTLVGTLVAMALYEYWRRNSREYRMVANIPSPPELPILGQAHVAAGLSNAEILAVGLGYLNKYGETMKAWLGNVLLVFLTNPSDIELILSGHQHLTKAEEYRYFKPWFGDGLLISNGHHWRHHRKMIAPTFHQSILKSFVPTFVDHSKAVVARMGLEAGKSFDVHDYMSQTTVDILLSTAMGVKKLPEGNKSFEYAQAVVDMCDIIHKRQVKLLYRLDSIYKFTKLREKGDRMMNIILGMTSKVVKDRKENFQEESRAIVEEISTPVASTPASKKEGLRDDLDDIDENDVGAKRRLALLDAMVEMAKNPDIEWNEKDIMDEVNTIMFEGHDTTSAGSSFALCMMGIHKDIQAKVFAEQKAIFGDNMLRDCTFADTMEMKYLERVILETLRLYPPVPLIARRLDYDLKLASGPYTVPKGTTVIVLQYCVHRRPDIYPNPTKFDPDNFLPERMANRHYYSFIPFSAGPRSCVGRKYAMLKLKVLLSTIVRNYIVHSTDTEADFKLQADIILKLENGFNVSLEKRQYATVA
enz_32,MATKLDTSSLLLALLSKCSLLTQTNLALSLLVASLASLALSLFFWSHPGGPAWGKYFLHRRRQTTVIPGPRGLPFVGSMSLMSNTLAHRCIAATAEKFRAERLMAFSLGETRVIVTCNPDVAKEILNSPVFADRPVKESAYSLMFNRAIGFAPYGVYWRTLRKIASNHLFSPKQIKRSETQRSVIANQIVKCLTKQSNTKGLCFARDLIKTASLNNMMCSVFGKEYELEEEHEEVSELRELVEEGYDLLGTLNWTDHLPWLSEFDPQRIRSRCSNLVPKVNRFVNRIISDHREQTRDSPSDFVDVLLSLDGPDKLSDPDIIAVLWEMIFRGTDTVAVLIEWILARMVLHPDIQSTVHNELDQIVGRSRAVEESDVVSLVYLTAVVKEVLRLHPPGPLLSWARLAITDTIIDGRRVPAGTTAMVNMWAIAHDPHVWENPLEFKPERFVAKEGEVEFSVLGSDLRLAPFGSGRRVCPGKNLGLTTVTFWTATLLHEFEWLTPSDEKTVDLSEKLRLSCEMANPLAAKLRPRRSFSV
enz_33,MEAEMLYSALALTFAIFMVYRILSNSQDKRSLTKLPPSPPGWLPVIGHAHLMKNLLHRTLYDFSQKLGPIFSIRFGSRLVVVVSSSSLVEECFTKYDIVLANRPQASVDRRSLGFSTTSVIGAPYGDHWRNLRKLCDLEVFAPTRLASFLSIRLDERDRMISALYKISSAGFAKVNLEAKIVELTFNNIMRMVAAKRYYGEEAEDDEEAKRFRDLTKEALELTSASNPGEIFPILRWLGCNGLEKKLAVHSRKTDEFMQGLLDEHRRGERQNTMVDHLLSLQESQPEYYTDEIITGLIVALIIAGTDASVVTTEWAMSLLLNHPKVLEKARKELDTLVGHERMVDEHDLPKLRYLHCIVLETLRLFPSVPTLVPHEPSEDCKIGGYNVPKGTMVLVNAWAIHRDPKVWDDPLSFKPDRFEIMEVETHKLLPFGMGRRACPGAGLAQKFVGLALGSLIQCFDWERTSPEKIDLNEGSGITLPKAKTLEAMCKPRHVMEKVLRQVSNV
enz_34,MATSSSAWLMFSDHYPEILIAIACFLIFSLLLSARSSSEDSLPYNWPIFGMLPAIISNNQFNDFTTARLRKMGWTFIFKGPWLLDMDYIFTCDPSNINHMFNDNFENYPKGELGKVFDIFGNNIFNADGDLWHDHRKMAQTILWDGNYRTMQATFIRNKMDNALIPILDSAASKRKPVDLQDVFFRFTFDTSCFSVLAADPESLTMEFPAVPFSKAADQALDAALTRHITPRLIWKLKRFFNVGSERTLAVAWKVIDSYIYDKIAELKAKRKLVGKINSYDAVSFYMDNFNIHDDKFLRDNAFTYLLAQRNTQSLTMTWLFYALFENPKVELKILSELKSIVDESSERKFNDGFALFDSNMIQSAIYLHATLCEALRIYPPVPFEIKDAHKADVLPSGHKVRAGEKILFSPYAMARMKGIWGDDCLEFKPERWITGNGTLKHEPAYKFFAFSAGPRICLGKELSFTQMKMVVATIIYNFHLQMVKGHVVEQSNSILMDMKHGLMVQVRKRSVM
enz_35,MQISSSSSSNFFSSLYADEPALITLTIVVVVVVLLFKWWLHWKEQRLRLPPGSMGLPYIGETLRLYTENPNSFFATRQNKYGDIFKTHILGCPCVMISSPEAARMVLVSKAHLFKPTYPPSKERMIGPEALFFHQGPYHSTLKRLVQSSFMPSALRPTVSHIELLVLQTLSSWTSQKSINTLEYMKRYAFDVAIMSAFGDKEEPTTIDVIKLLYQRLERGYNSMPLDLPGTLFHKSMKARIELSEELRKVIEKRRENGREEGGLLGVLLGAKDQKRNGLSDSQIADNIIGVIFAATDTTASVLTWLLKYLHDHPNLLQEVSREQFSIRQKIKKENRRISWEDTRKMPLTTRVIQETLRAASVLSFTFREAVQDVEYDGYLIPKGWKVLPLFRRIHHSSEFFPDPEKFDPSRFEVAPKPYTYMPFGNGVHSCPGSELAKLEMLILLHHLTTSFRWEVIGDEEGIQYGPFPVPKKGLPIRVTPI
enz_36,MAVILLLALALVLGCYCALHRHKLADIYLRPLLKNTLLEDFYHAELIQPEAPKRRRRGIWDIPGPKRIPFLGTKWIFLLFFRRYKMTKLHEVYADLNRQYGDIVLEVMPSNVPIVHLYNRDDLEKVLKYPSKYPFRPPTEIIVMYRQSRPDRYASVGIVNEQGPMWQRLRSSLTSSITSPRVLQNFLPALNAVCDDFIELLRARRDPDTLVVPNFEELANLMGLEAVCTLMLGRRMGFLAIDTKQPQKISQLAAAVKQLFISQRDSYYGLGLWKYFPTKTYRDFARAEDLIYDVISEIIDHELEELKKSAACEDDEAAGLRSIFLNILELKDLDIRDKKSAIIDFIAAGIETLANTLLFVLSSVTGDPGAMPRILSEFCEYRDTNILQDALTNATYTKACIQESYRLRPTAFCLARILEEDMELSGYSLNAGTVVLCQNMIACHKDSNFQGAKQFTPERWIDPATENFTVNVDNASIVVPFGVGRRSCPGKRFVEMEVVLLLAKMVLAFDVSFVKPLETEFEFLLAPKTPLSLRLSDRVF
enz_37,MLTLLVLVFTVGLLLYVKLRWHYSYWSRRGVAGERPVYFRGNMSGLGRDLHWTDINLRIYRKFRGVERYCGYFTFMTKSLFIMDLELIRDIMIRDFSSFADRGLFHNVRDDPLTGNLLFLDGPEWRWLRQNLTQVFTSGKMKFMFPNMVEVGEKLTQACRLQVGEIEAKDLCARFTTDVIGSCAFGLECNSLQDPESQFRRMGRSVTQEPLHSVLVQAFMFAQPELARKLRFRLFRPEVSEFFLDTVRQTLDYRRRENIHRNDLIQLLMELGEEGVKDALSFEQIAAQALVFFLAGFDTSSTTMSFCLYELALNPDVQERLRVEVLAVLKRNNQKLTYDSVQEMPYLDQVVAETLRKYPILPHLLRRSTKEYQIPNSNLILEPGSKIIIPVHSIHHDPELYPDPEKFDPSRFEPEEIKARHPFAYLPFGEGPRNCIGERFGKLQVKVGLVYLLRDFKFSRSEKTQIPLKFSSRNFLISTQEGVHLRMEGLERP
enz_38,MGVYSVLLAIVVVLVGYLLLKWRRALHYWQNLDIPCEEPHILMGSLTGVQTSRSFSAIWMDYYNKFRGTGPFAGFYWFQRPGILVLDISLAKLILIKEFNKFTDRGFYHNTEDDPLSGQLFLLDGQKWKSMRSKLSYTFTSGKMKYMFPTVVKVGHEFIEVFGQAMEKSPIVEVRDILARFTTDVIGTCAFGIECSSLKDPEAEFRVMGRRAIFEQRHGPIGIAFINSFQNLARRLHMKITLEEAEHFFLRIVRETVAFREKNNIRRNDFMDQLIDLKNSPLTKSESGESVNLTIEEMAAQAFVFFGAGFETSSTTMGFALYELAQHQDIQDRVRKECQEVIGKYNGEITYESMKDMVYLDQVISETLRLYTVLPVLNRECLEDYEVPGHPKYVIKKGMPVLIPCGAMHRDEKLYANPNTFNPDNFSPERVKERDSVEWLPFGDGPRNCIGMRFGQMQARSGLALLINRFKFSVCEQTTIPIVYSKKTFLISSETGIFLKVERV
enz_39,MVLTEVLFVVVAALVALYTWFQRNHSYWQRKGIPYIPPTPIIGNTKVVFKMENSFGMHLSEIYNDPRLKDEAVVGIYSMNKPGLIIRDIELIKSILIKDFNRFHNRYARCDPHGDPLGYNNLFFVRDAHWKGIRTKLTPVFTSGKVKQMYTLMQEIGKDLELALQRRGEKNSGSFITEIKEICAQFSTDSIATIAFGIRANSLENPNAEFRNYGRKMFTFTVARAKDFFVAFFLPKLVSLMRIQFFTADFSHFMRSTIGHVMEERERSGLLRNDLIDVLVSLRKEAAAEPSKPHYAKNQDFLVAQAGVFFTAGFETSSSTMSFALYEMAKHPEMQKRLRDEINEALVEGGGSLSYEKIQSLEYLAMVVDEVLRMYPVLPFLDREYESVEGQPDLSLKPFYDYTLENGTPVFIPIYALHHDPKYWTNPSQFDPERFSPANRKNIVAMAYQPFGSGPHNCIGSRIGLLQSKLGLVSLLKNHSVRNCEATMKDMKFDPKGFVLQADGGIHLEIVNDRLYDQSAPSLQ
enz_40,MLTWTLWCGLLFLLWIYFLWSRRRFYLLTLKIPGPLGYPILGMAHWLMRREDILNAFGCFLDKHGPTIFSWLGPIPFMIVSDPQVVQDIFTSPHCVNKGIIYKAVDDGAGVGLFSLKDPRWSIHRKLLNPAFGHKVLLSFLPIFNRETALLLDQLEPLQDDGEKDLIPLLQSFTLGIATQTTMGSDVKDEESFRSNSLLGRYQCILETMTDMCFSPWLNSRFCRQLAGKESHYYQAKTEIRQFIRKIIERKLAEDEMGALPSIQSNDKNLFLNLVTDLMRRGVFTLKNVEDESNIIVFGAFETTANAVYYTLMLLAMFPEYQERAFEEIKTIFPNTGDFDVSYADTQQMVYLDLILNESMRVIPPVPVVSRQTSQDLKLSNGIVVPKGVQIAIDIYHMHRSKKIWGPDAETFNPDHFLPHNIQDKHPYAYIPFTKGIRNCIGWRYALISAKVTLAKLLRNYRFKTSFPFENLYFVEDITMKLKSVPLLELQKRT
enz_41,MLTKLLKISCTSRQCTFAKPYQAIPGPRGPFGMGNLYNYLPGIGSYSWLRLHQAGQDKYEKYGAIVRETIVPGQDIVWLYDPKDIALLLNERDCPQRRSHLALAQYRKSRPDVYKTTGLLPTNGPEWWRIRAQVQKELSAPKSVRNFVRQVDGVTKEFIRFLQESRNGGAIDMLPKLTRLNLELTCLLTFGARLQSFTAQEQDPRSRSTRLMDAAETTNSCILPTDQGLQLWRFLETPSFRKLSQAQSYMESVALELVEENVRNGSVGSSLISAYVKNPELDRSDVVGTAADLLLAGIDTTSYASAFLLYHIARNPEVQQKLHEEARRVLPSAKDELSMDALRTDITYTRAVLKESLRLNPIAVGVGRILNQDAIFSGYFVPKGTTVVTQNMVACRLEQHFQDPLRFQPDRWLQHRSALNPYLVLPFGHGMRACIARRLAEQNMHILLLRLLREYELIWSGSDDEMGVKTLLINKPDAPVLIDLRLRRE
enz_42,MTSALYASDLFKQLKSIMGTDSLSDDVVLVIATTSLALVAGFVVLLWKKTTADRSGELKPLMIPKSLMAKDEDDDLDLGSGKTRVSIFFGTQTGTAEGFAKALSEEIKARYEKAAVKVIDLDDYAADDDQYEEKLKKETLAFFCVATYGDGEPTDNAARFYKWFTEENERDIKLQQLAYGVFALGNRQYEHFNKIGIVLDEELCKKGAKRLIEVGLGDDDQSIEDDFNAWKESLWSELDKLLKDEDDKSVATPYTAVIPEYRVVTHDPRFTTQKSMESNVANGNTTIDIHHPCRVDVAVQKELHTHESDRSCIHLEFDISRTGITYETGDHVGVYAENHVEIVEEAGKLLGHSLDLVFSIHADKEDGSPLESAVPPPFPGPCTLGTGLARYADLLNPPRKSALVALAAYATEPSEAEKLKHLTSPDGKDEYSQWIVASQRSLLEVMAAFPSAKPPLGVFFAAIAPRLQPRYYSISSSPRLAPSRVHVTSALVYGPTPTGRIHKGVCSTWMKNAVPAEKSHECSGAPIFIRASNFKLPSNPSTPIVMVGPGTGLAPFRGFLQERMALKEDGEELGSSLLFFGCRNRQMDFIYEDELNNFVDQGVISELIMAFSREGAQKEYVQHKMMEKAAQVWDLIKEEGYLYVCGDAKGMARDVHRTLHTIVQEQEGVSSSEAEAIVKKLQTEGRYLRDVW
enz_43,MFLVIGAILASALFVGLLLYHLKFKRLIDLISYMPGPPVLPLVGHGHHFIGKPPHEMVKKIFEFMETYSKDQVLKVWLGPELNVLMGNPKDVEVVLGTLRFNDKAGEYKALEPWLKEGLLVSRGRKWHKRRKIITPAFHFKILDQFVEVFEKGSRDLLRNMEQDRLKHGESGFSLYDWINLCTMDTICETAMGVSINAQSNADSEYVQAVKTISMVLHKRMFNILYRFDLTYMLTPLARAEKKALNVLHQFTEKIIVQRREELIREGSSQESSNDDADVGAKRKMAFLDILLQSTVDERPLSNLDIREEVDTFMFEGHDTTSSALMFFFYNIATHPEAQKKCFEEIRSVVGNDKSTPVSYELLNQLHYVDLCVKETLRMYPSVPLLGRKVLEDCEINGKLIPAGTNIGISPLYLGRREELFSEPNSFKPERFDVVTTAEKLNPYAYIPFSAGPRNCIGQKFAMLEIKAIVANVLRHYEVDFVGDSSEPPVLIAELILRTKEPLMFKVRERVY
enz_44,MLLRTMAATSPRPPPSTSLTSQQPPSPPSQLPLRTMPGSYGWPLVGPLSDRLDYFWFQGPDKFFRTRAEKYKSTVFRTNIPPTFPFFGNVNPNIVAVLDVKSFSHLFDMDLVDKRDVLIGDFRPSLGFYGGVCVGVNLDTTEPKHAKIKGFAMETLKRSSKVWLQELRSNLNIFWGTIESEISKNGAASYIFPLQRCIFSFLCASLAGVDASVSPDIAENGWKTINTWLALQVIPTAKLGVVPQPLEEILLHTWPYPSLLIAGNYKKLYNFIDENAGDCLRLGQEEFRLTRDEAIQNLLFVLGFNAYGGFSVFLPSLIGRITGDNSGLQERIRTEVRRVCGSGSDLNFKTVNEMELVKSVVYETLRFNPPVPLQFARARKDFQISSHDAVFEVKKGELLCGYQPLVMRDANVFDEPEEFKPDRYVGETGSELLNYLYWSNGPQTGTPSASNKQCAAKDIVTLTASLLVADLFLRYDTITGDSGSIKAVVKAK
enz_45,MEISTALMILSAITAYFLWLTFISRCLKGPRVWPILGSLPGLIENCERMHDWISDNLRACSGTYQTCICAIPFLAKKQGLVTVTCDPRNLEHILKNRFDNYPKGPTWQAVFHDLLGQGIFNSDGDTWLFQRKTAALEFTTRTLRQAMARWVNRAIKLRFLPILENARLGSEPIDLQDLLLRLTFDNICGLTFGKDPRTCAPGLPVNTFAVAFDRATEASLQRFILPEILWKFKRWLRLGLEVSLTRSLVQVDNYLSEIITTRKEEMMTQHNNGKHHDDLLSRFIKKKESYSDETLQRVALNFILAGRDTSSVALSWFFWLITQHPAIEDKILREICTVLVETRGDDVALWTDEPLSCEELDRLVFLKAALSETLRLYPSVPEDSKRAVKDDVLPDGTFVPAGSSITYSIYSAGRMKSTWGEDCLEFKPERWISQSDGGRFINHDPFKFVAFNAGPRICLGKDLAYLQMKSIASAVLLRHRLTVVTGHKVEQKMSLTLFMKYGLLVNVHERDLTAIAADLRECKSNVVNDGVGNGVSS
enz_46,MENFMVEMAKTISWIVVIGVLGLGIRVYGKVMAEQWRMRRKLTMQGVKGPPPSLFRGNVPEMQKIQSQIMSNSKHYSGDNIIAHDYTSSLFPYLDHWRKQYGRVYTYSTGVKQHLYMNHPELVKELNQANTLNLGKVSYVTKRLKSILGRGVITSNGPHWAHQRRIIAPEFFLDKVKGMVGLVVESAMPMLSKWEEMMKREGEMVCDIIVDEDLRAASADVISRACFGSSFSKGKEIFSKLRCLQKAITHNNILFSLNGFTDVVFGTKKHGNGKIDELERHIESLIWETVKERERECVGDHKKDLMQLILEGARSSCDGNLEDKTQSYKSFVVDNCKSIYFAGHETSAVAVSWCLMLLALNPSWQTRIRDEVFLHCKNGIPDADSISNLKTVTMVIQETLRLYPPAAFVSREALEDTKLGNLVVPKGVCIWTLIPTLHRDPEIWGADANEFNPERFSEGVSKACKHPQSFVPFGLGTRLCLGKNFGMMELKVLVSLIVSRFSFTLSPTYQHSPVFRMLVEPQHGVVIRVLRQ
enz_47,MTEKRERPGPLRWLRHLLDQLLVRILSLSLFRSRCDPPPLQRFPATELPPAVAAKYVPIPRVKGLPVVGTLVDLIAAGGATHLHKYIDARHKQYGPIFRERLGGTQDAVFVSSANLMRGVFQHEGQYPQHPLPDAWTLYNQQHACQRGLFFMEGAEWLHNRRILNRLLLNGNLNWMDVHIESCTRRMVDQWKRRTAEAAAIPLAESGEIRSYELPLLEQQLYRWSIEVLCCIMFGTSVLTCPKIQSSLDYFTQIVHKVFEHSSRLMTFPPRLAQILRLPIWRDFEANVDEVLREGAAIIDHCIRVQEDQRRPHDEALYHRLQAADVPGDMIKRIFVDLVIAAGDTTAFSSQWALFALSKEPRLQQRLAKERATNDSRLMHGLIKESLRLYPVAPFIGRYLPQDAQLGGHFIEKDTMVLLSLYTAGRDPSHFEQPERVLPERWCIGETEQVHKSHGSLPFAIGQRSCIGRRVALKQLHSLLGRCAAQFEMSCLNEMPVDSVLRMVTVPDRTLRLALRPRTE
enz_48,MSADIVDIGHTGWMPSVQSLSILLVPGALVLVILYLCERQCNDLMGAPPPGPWGLPFLGYLPFLDARAPHKSLQKLAKRYGGIFELKMGRVPTVVLSDAALVRDFFRRDVMTGRAPLYLTHGIMGGFGIICAQEDIWRHARRETIDWLKALGMTRRPGELRARLERRIARGVDECVRLFDTEAKKSCASEVNPLPALHHSLGNIINDLVFGITYKRDDPDWLYLQRLQEEGVKLIGVSGVVNFLPWLRHLPANVRNIRFLLEGKAKTHAIYDRIVEACGQRLKEKQKVFKELQEQKRLQRQLEKEQLRQSKEADPSQEQSEADEDDEESDEEDTYEPECILEHFLAVRDTDSQLYCDDQLRHLLADLFGAGVDTSLATLRWFLLYLAREQRCQRRLHELLLPLGPSPTLEELEPLAYLRACISETMRIRSVVPLGIPHGCKENFVVGDYFIKGGSMIVCSEWAIHMDPVAFPEPEEFRPERFLTADGAYQAPPQFIPFSSGYRMCPGEEMARMILTLFTGRILRRFHLELPSGTEVDMAGESGITLTPTPHMLRFTKLPAVEMRHAPDGAVVQD
enz_49,MSLLLTLIALLVSLLLFMARRRHGYWQRRGIPHDVPHPIYGNMKDWPKKRHIAMIFRDYYTKYKRSVYPFAGFYFFFTRSAVITDLELVKRVLIKDFNHFENRGIFYNEIDDPLSATLFSIEGQKWRHLRHKLTPTFTSGKMKNMFPIIVKVGEEMEKIFSAKTTTGEGQVLEIVDLVARYTADVIGNCAFGLNCNSLQNPNAEFVTIGKRAIIERRYGGLLDFLIFGFPKLSRRLRLKLNVQDVEDFYTSIVRNTIDYRLRTNEKRHDFMDSLIEMYEKEQAGNTEDGLSFNEILAQAFIFFVAGFETSSTTMGFALYELALDQDIQDQLRAEINNVLSKHNNEFTYEGIKEMKYLEQVVMETLRKYPVLAHLTRMTQTDFSPEDPKYFIAKGTTVVIPALGIHYDPEIYPEPEKFKPERFTDEAIAARPSCTWLPFGEGPRNCIGLRFGLMQACVGLAYLIRGYKFSVSTETQIPMKFVVKSILLSAENGIHLKVEKLSK
enz_50,MDFSGLFLTLSAAALFLCLLRFIAGVRRSSSTKLPLPPGTMGYPYVGETFQLYSQDPNVFFAAKQRRYGSVFKTHVLGCPCVMISSPEAAKFVLVTKSHLFKPTFPASKERMLGKQAIFFHQGDYHSKLRKLVLRAFMPDAIRNMVPHIESIAQESLNSWDGTQLNTYQEMKTYTFNVALISILGKDEVYYREDLKRCYYILEKGYNSMPINLPGTLFHKAMKARKELAQILANILSKRRQNPSSHTDLLGSFMEDKAGLTDEQIADNIIGVIFAARDTTASVLTWILKYLADNPTVLEAVTEEQMAIRKDKKEGESLTWEDTKKMPLTYRVIQETLRAATILSFTFREAVEDVEYEGYLIPKGWKVLPLFRNIHHNADIFSDPGKFDPSRFEVAPKPNTFMPFGSGIHSCPGNELAKLEISVLIHHLTTKYRWSIVGPSDGIQYGPFALPQNGLPIALERKP
enz_51,MELVLLILVASLIGIAFLALQQHYSYWRRMGVREIRPKWIVGNLMGLLNMRMSPAEFISQLYNHPDAENEPFVGIHVFHKPALLLRDPEMVRNILVKDFAGFSNRYSSSDPKGDPLGSQNIFFLKNPAWKEVRLKLSPFFTGNRLKQMFPLIEEVGASLDAHLRQQPLHNERMRCFDLEAKELCALYTTDVIATVAYGVSANSFTDPKCEFRRHGRSVFEFNLLRAAEFTLVFFLPHLVPFVRFKVVPAEATRFLRKTINYVMSEREKSGQKRNDLIDILIEFRRSTQLAKASGIKDQFVFEGDILVAQAVLFFTAGFESSSSTMAFAMYELAKDTDVQQRLREEIKDALVESGGQVTLKMIESLEFMQMILLEVLRMYPPLPFLDRECTSGRDYSLAPFHKKFVVPKGMPVYIPCYALHMDPQYFPQPRKFLPERFSPENRKLHTPYTYMPFGLGPHGCIGERFGYLQAKVGLVNLLRNHMITTSERTPHRMQLDPKAIITQAKGGIHLRLVRDALGV
enz_52,MDLMHRTLLTALGALSVVYALVKFSLGYWKRRGILHEKPKFLWGNIKGVVSGKRHAQDALQDIYTAYKGRAPFVGFYACLKPFILALDLKLVHQIIFTDAGHFTSRGLYSNPSGEPLSHNLLQLDGHKWRSLHAKSAEVFTPANMQKLLVRLSQISSRIQRDLGEKSLQTINISELVGAYNTDVMASMAFGLVGQDNVEFAKWTRNYWADFRMWQAYLALEFPLIARLLQYKSYAEPATAYFQKVALSQLQLHRRRDRQPLQTFLQLYSNAEKPLTDIEIAGQAFGFVLAGLGPLNATLAFCLYELARQPEVQDRTRLEINKALEEHGGQVTPECLRELRYTKQVLNETLRLHTPHPFLLRRATKEFEVPGSVFVIAKGNNVLIPTAAIHMDPGIYENPQRFYPERFEEQARRSRPAAAFLPFGDGLRGCIAARFAEQQLLVGLVALLRQHRYAPSAETSIPVEYDNRRLLLMPKSDIKLSVERVDKL
enz_53,MAVMIVLLIGVITFVAWYVHQHFNYWKRRGIPHDEPKIPYGNTSELMKTVHFADIFKRTYNKLRNKTDGPFVGFYMYFKRMVVVTDIDFAKTVLIREFDKFHDRGVFHNERDDPLSANLVNIDGQKWKTLRQKLTPTFTSGKMKTMFPTILTVGDELIRVFGETASADSDSMEITNVVARFTADVIGSCAFGLDCHSLSDPKAKFVQMGTTAITERRHGKSMDLLLFGAPELAAKLRMKATVQEVEDFYMNIIRDTVDYRVKNNVKRHDFVDMLIEMKLKFDNGDKENGLTFNEIAAQAFIFFLAGFETSSTTMGFALYELACHQDIQDKLRTEINTVLKQHNGKLDYDSMREMTYLEKVIDETMRKRPVVGHLIRVATQHYQHTNPKYNIEKGTGVIVPTLAIHHDPEFYPEPEKFIPERFDEDQVQQRPACTFLPFGDGPRNCIGLRFGRMQVIVGMALLIHNFKFEFHPTKTVVPLEYRTDDFLLSSKGGIHLKVTRV
enz_54,MEVLKKDAALGSPSSVFYFLLLPTLVLWYIYWRLSRAHLYRLAGRLPGPRGLPIVGHLFDVIGPASSVFRTVIRKSAPFEHIAKMWIGPKLVVFIYDPRDVELLLSSHVYIDKASEYKFFKPWLGDGLLISTGQKWRSHRKLIAPTFHLNVLKSFIELFNENSRNVVRKLRAEDGRTFDCHDYMSEATVEILLETAMGVSKKTQDKSGFEYAMAVMRMCDILHARHRSIFLRNEFVFTLTRYYKEQGRLLNIIHGLTTKVIRSKKAAFEQGTRGSLAQCELKAAALEREREQNGGVDQTPSTAGSDEKDREKDKEKASPVAGLSYGQSAGLKDDLDVEDNDIGEKKRLAFLDLMLESAQNGALITDTEIKEQVDTIMFEGHDTTAAGSSFFLSLMGIHQDIQDRVLAELDSIFGDSQRPATFQDTLEMKYLERCLMETLRMYPPVPLIARELQEDLKLNSGNYVIPRGATVTVATVLLHRNPKVYANPNVFDPDNFLPERQANRHYYAFVPFSAGPRSCVGRKYAMLKLKILLSTILRNYRVYSDLTESDFKLQADIILKREEGFRVRLQPRTS
enz_55,MNNLSLKAWRSTVSCGPNLRQCVPRISGAGSRRAQCRESSTGVATCPHLADSEEASAPRIHSTSEWQNALPYNQIPGPKPIPILGNTWRLMPIIGQYTISDVAKISSLLHDRYGRIVRFGGLIGRPDLLFIYDADEIEKCYRSEGPTPFRPSMPSLVKYKSVVRKDFFGDLGGVVGVHGEPWREFRSRVQKPVLQLSTIRRYLQPLEVITEDFLVRCENLLDENQELPEDFDNEIHKWSLECIGRVALDTRLGCLESNLKPDSEPQQIIDAAKYALRNVATLELKAPYWRYFPTPLWTRYVKNMNFFVGVCMKYIQSATERLKTQDPSLRAGEPSLVEKVILSQKDEKIATIMALDLILVGIDTISMAVCSMLYQLATRPVDQQKVHEELKRLLPDPNTPLTIPLLDQMHHLKGFIKEVFRMYSTVIGNGRTLMEDSVICGYQVPKGVQAVFPTIVTGNMEEYVTDAATFRPERWLKPQHGGTPGKLHPFASLPYGYGARMCLGRRFADLEMQILLAKLLRNYKLEYNHKPLDYAVTFMYAPDGPLRFKMTRV
enz_56,MQLTYFLFQVAVALLAIVTYILHRKLTYFKRRGIPYDKPHPLRGNMEGYKKTRTVHEIHQEYYNKYRNSKAPFVGFYLFQKPAAFVIDLELAKQILIKNFSNFTDKGIYYNEKDDPMSAHLFNLDGPQWRLLRSKLSSTFTSGKMKFMYPTVVSVAEEFMAVMHEKVSENSILDVRDLVARFTVDVIGTCAFGIKCNSLRDEKAEFLHFGRRALLDSRHGNLVSGLMRSYPNLARRLGLCRNTAQIQEFYQRIVKETVTLREKENIKRNDFMDMLIGLKNQKNMTLENGEVVKGLTMDEIVAQAFVFFIAGFDTSSSTMGFALYELAKNPSIQDKVRAELGQVLEQHDQKFTYECIKDLKYLDQVINETLRHYTIVPNVDRVAAKRFVVPGNPKFVIEAGQSVIIPSSAIHHDPSIYPEPNEFRPERFSPEESAKRPSVAWLPFGEGPRNCIGLRFGQMQARIGLAMLIKNFTFSPCSATPDPLTFDPHSAILLGIKGGIQLKVEAI
enz_57,MNTFTSNSSDLTTTATETSSFSTLYLLSTLQAFVAITLVMLLKKLMTDPNKKKPYLPPGPTGWPIIGMIPTMLKSRPVFRWLHSIMKQLNTEIACVKLGNTHVITVTCPKIAREILKQQDALFASRPLTYAQKILSNGYKTCVITPFGDQFKKMRKVVMTELVCPARHRWLHQKRSEENDHLTAWVYNMVKNSGSVDFRFMTRHYCGNAIKKLMFGTRTFSKNTAPDGGPTVEDVEHMEAMFEALGFTFAFCISDYLPMLTGLDLNGHEKIMRESSAIMDKYHDPIIDERIKMWREGKRTQIEDFLDIFISIKDEQGNPLLTADEIKPTIKELVMAAPDNPSNAVEWAMAEMVNKPEILRKAMEEIDRVVGKERLVQESDIPKLNYVKAILREAFRLHPVAAFNLPHVALSDTTVAGYHIPKGSQVLLSRYGLGRNPKVWADPLCFKPERHLNECSEVTLTENDLRFISFSTGKRGCAAPALGTALTTMMLARLLQGFTWKLPENETRVELMESSHDMFLAKPLVMVGDLRLPEHLYPTVK
enz_58,MFLEVLFAAPLVIFIFRKLWAHLNRTYFILSLCKRIRTEDGSLLESKIYVAPSKTRFGNNFDLVNFTSESIFNFMRDASAKAKGRNYLWYFFHAPMYNIVRAEEAEEILQSSKLITKNMIYELLKPFLGEGLLISTDQKWHSRRKALTPAFHFKVLQSFLIIFKEECNKLVKVLHQSVNMELELNQVIPQFTLNNVCETALGVKLDDLSEGIRYRQSIHAIEEVMQQRLCNPFFYNIVYFFLFGDYRKQVNNLKIAHEFSSNIIEKRRSLFKSNQLGQEDEFGKKQRYAMLDTLLAAEADGQIDHQGICDEVNTFMFEGYDTTSTCLIFTLLMLALHEDVQKKCYEEIKYLPDDSDDISVFQFNELVYMECVIKESLRLFPSVPFIGRRCVEEGVVNGLIMPKNTQINIHLYEIMRDARHFSNPKMFQPDRFFPENTVNRHPFAFVPFSAGQRNCIGQKFAILEIKVLLAAVIRNFKILPVTLLDDLTFENGIVLRTKQNIKVKLVHRENK
enz_59,MLYFILLPLLFLVISYKFLYSKTQRFNLPPGPPSRPFVGHLHLMKPPIHRLLQRYSNQYGPIFSLRFGSRRVVVITSPSLAQESFTGQNDIVLSSRPLQLTAKYVAYNHTTVGTAPYGDHWRNLRRICSQEILSSHRLINFQHIRKDEILRMLTRLSRYTQTSNESNDFTHIELEPLLSDLTFNNIVRMVTGKRYYGDDVNNKEEAELFKKLVYDIAMYSGANHSADYLPILKLFGNKFEKEVKAIGKSMDDILQRLLDECRRDKEGNTMVNHLISLQQQQPEYYTDVIIKGLMMSMMLAGTETSAVTLEWAMANLLRNPEVLEKARSEIDEKIGKDRLIDESDIAVLPYLQNVVSETFRLFPVAPFLIPRSPTDDMKIGGYDVPRDTIVMVNAWAIHRDPEIWEEPEKFNPDRYNDGCGSDYYVYKLMPFGNGRRTCPGAGLGQRIVTLALGSLIQCFEWENVKGEEMDMSESTGLGMRKMDPLRAMCRPRPIMSKLLL
enz_60,MDTSSSLLFFSFFFFIIIVIFNKINGLRSSPASKKKLNDHHVTSQSHGPKFPHGSLGWPVIGETIEFVSSAYSDRPESFMDKRRLMYGRVFKSHIFGTATIVSTDAEVNRAVLQSDSTAFVPFYPKTVRELMGKSSILLINGSLHRRFHGLVGSFLKSPLLKAQIVRDMHKFLSESMDLWSEDQPVLLQDVSKTVAFKVLAKALISVEKGEDLEELKREFENFISGLMSLPINFPGTQLHRSLQAKKNMVKQVERIIEGKIRKTKNKEEDDVIAKDVVDVLLKDSSEHLTHNLIANNMIDMMIPGHDSVPVLITLAVKFLSDSPAALNLLTEENMKLKSLKELTGEPLYWNDYLSLPFTQKVITETLRMGNVIIGVMRKAMKDVEIKGYVIPKGWCFLAYLRSVHLDKLYYESPYKFNPWRWQERDMNTSSFSPFGGGQRLCPGLDLARLETSVFLHHLVTRFRWIAEEDTIINFPTVHMKNKLPIWIKRI
enz_61,MHLNIALWACGALLAVLLAWQQRKCWRLIWQLNGWRGVIQQPVLWLLLCINLHPNSILEKVSQYRVHFQRPLAVLVGTRVLLYIDDPAGMECVLNAPECLDKTFLQDGFFVRRGLLHARGQKWKLRRKQLNPAFSHNIVASFFDVFNSVGNQMVEQFQTQTNLHGQAVKFTAAEDLLSRAVLEVSCLTIMGTPTNFTQLDDAHIAHSYKRLLEISAVRVVKPWLQIRLLHRLLAPELYEESKKCAKLLEDFVGGIVRTKHRNWRLRDAVGGEKSGEDASNGWQRRIFIEQIFQLAANGEMTLEEIMDEAQSMVLVSFETVSNSIMLALLCLATNKGDCQRRLLAEIRALVPDVGQVGLEQLQQLRYLDAFVSESLRLLATVPMNLRHVSRDFRLAGRQHETIVPQNSIVVLDTFNMQRDERWWGANARQFDPQRFLDQEEEQLSKGHNDSGSGEKRRQRDRRHSYSFLPFSNGLRSCIGRRYGLFIMKVFLVKLITNFDFQSDFELEKLQFVENISLKFKNADDILLTIQPKKEST
enz_62,MAFLLSFLILAFLITIIFFLSSSSTKKVQENTTYGPPSYPLIGSILSFNKNRHRLLQWYTELLRLSPSQTILVPLLGNRRTIITTNPLNVEYILKTNFFNFPKGKPFTDLLGDLLGGGIFNVDGHSWSSQRKLASHEFSTRSLRSFAFEVLKDEVENRLVPVLSTAADVGTTVDLQDVLKRFAFDVVCKVSLGWDPDCLDLTRPVNPLVEAFDTAAEISARRATEPIYAVWKTKRVLNVGSERKLREAIRTVHVLVSEIVRAKKKSLEIGTGAEAKQDLLSRFLAAGHNGEAVRDMVISFIMAGRDTTSAAMTWLFWLLTENDDVERKILEEVDPLVSLGLGFEDLKEMAYTKACLCEAMRLYPPVSWDSKHAANDDVLPDGTRVKRGDKVTYFPYGMGRMETLWGTDSEEFNPNRWFDSEPGSTRPVLKPISPYKFPVFQAGPRVCVGKEMAFMQMKYVVGSVLSRFEIVPVNKDRPVFVPLLTAHMAGGLKVKIKRRSHILNNV
enz_63,MIIYLISLLPIIVATLMLYQRWWRSNIPPGPKPKFLLGNLHQMKPLWTHSFSEWSETYGPIISVWIGSQLTVVVSSSDLARQVLRDKDHQLSNRHRIARMTQTGTDLVWSDYSPHYVKLRKLCTLELFSLKSIENFRSLREMEARSMVVSILKDLMSNSGDDQERKPVIVRKYLAAVVLNTISRLMIGKEFGSEEGKEFKAIVEKEHLLSGSGTILDHVWWLKWVSSWFFSDKEFLAHKDRRTKWFRGAIMVEEDIEIEDHRGFVRKLLVLKEQKELSEETVGGLVWNMLTAGADTTAVVIEWAMAEMIKCPTVQEKAQQELDSVVGSERLMTESDIPILPYLQCVVKEALRLHPSTPLMLPHKASETVWVGGYKVPKGATVYVNVQAIGRDPANWINPYEFRPERFLQEETDVKGRDFRVLPFGSGRRMCPAAQLSMNLMTLVMGNLLHCFSWSSPVPGERIDMSENPGLLCNMRTPLQALALPRAAARAIPLPLD
enz_64,MFVEKVLERTTNLELCSILILLVISLSIYTFYATLNTYLRSVLLSLRLTGPPSLPFLGNCMLVTDKDLMRRCAGKAFDLYGSLVRIWVLLFPFFAVLEPEDLQVILSSKKHTNKVFFYRLMHNFLGDGLITSSGSKWSNHRRLIQPAFHHNLLEKFIDTFVDASQSLYENLDAEAVGTEINIAKYVNNCVLDILNEAVLGVPIKKRGQDVAMMEDSPFRQGKIMMPARFTQPWLLLDGIYHWTKMANDELNQKKRLNDFTRKMIQRRRQIQNNNNGNSERKCLLDHMIEISESNRDFTEEDIVNEACTFMLAGQDSVGAAVAFTLFLLTQNPECQDRCVLELATIFEDSNRAPTMTDLHEMRYMEMCIKEALRLYPSVPLIARKLGEEVRLAKHTLPAGSNVFICPYATHRLAHIYPDPEKFQPERFSPENSENRHPYAFLPFSAGPRYCIGNRFAIMEIKTIVSRLLRSYQLLPVTGKTTIAATFRITLRASGGLWVRLKERDHPLIAH
enz_65,MALTYILFQVAVALLAILTYYIHRKLTYFKRRGIPFVAPHLIRGNMEELQKTKNIHEIFQDHYNKFRESKAPFVGFFFFQSPAAFVIDLELAKQILIKDFSNFSNKGIFYNEKDDPISAHLFNLDGAQWRLLRNKLSSTFTSGKMKLMYPTVVSVANEFMTVMHEKVPKNSVLEIRDLVARFTVDVIGTCAFGIQCNSLRDEKAEFLYFGKRSLVDKRHGTLLNGFMRSYPKLARKLGMVRTAPHIQEFYSRIVTETVAVREKEHIKRNDFMDMLIELKNQKEMTLENGDVVRGLTMEEVLAQAFVFFIAGFETSSSTMGFALYELAKNPDIQDKVRAEVEEVIEQHDQNFTYECTKDLKYLNQVLDETLRLYTIVPNLDRMAAKRYVVPGHPNFVIEAGQSVIIPSSAIHHDPSIYPEPFEFRPERFSPEESAGRPSVAWLPFGDGPRNCIGLRFGQMQARIGLALLIRNFKFSTCSKTPNPLVYDPKSFVLGVKDGIYLKVETV
enz_66,MEDIIIGVVALAAVLLFFLYQKPKTKRYKLPPGPSPLPVIGNLLQLQKLNPQRFFAGWAKKYGPILSYRIGSRTMVVISSAELAKELLKTQDVNFADRPPHRGHEFISYGRRDMALNHYTPYYREIRKMGMNHLFSPTRVATFKHVREEEARRMMDKINKAADKSEVVDISELMLTFTNSVVCRQAFGKKYNEDGEEMKRFIKILYGTQSVLGKIFFSDFFPYCGFLDDLSGLTAYMKECFERQDTYIQEVVNETLDPKRVKPETESMIDLLMGIYKEQPFASEFTVDNVKAVILDIVVAGTDTAAAAVVWGMTYLMKYPQVLKKAQAEVREYMKEKGSTFVTEDDVKNLPYFRALVKETLRIEPVIPLLIPRACIQDTKIAGYDIPAGTTVNVNAWAVSRDEKEWGPNPDEFRPERFLEKEVDFKGTDYEFIPFGSGRRMCPGMRLGAAMLEVPYANLLLSFNFKLPNGMKPDDINMDVMTGLAMHKSQHLKLVPEKVNKY
enz_67,MAMAFPLSYTPTITVKPVTYSRRSNFVVFSSSSNGRDPLEENSVPNGVKSLEKLQEEKRRAELSARIASGAFTVRKSSFPSTVKNGLSKIGIPSNVLDFMFDWTGSDQDYPKVPEAKGSIQAVRNEAFFIPLYELFLTYGGIFRLTFGPKSFLIVSDPSIAKHILKDNAKAYSKGILAEILDFVMGKGLIPADGEIWRRRRRAIVPALHQKYVAAMISLFGEASDRLCQKLDAAALKGEEVEMESLFSRLTLDIIGKAVFNYDFDSLTNDTGVIEAVYTVLREAEDRSVSPIPVWDIPIWKDISPRQRKVATSLKLINDTLDDLIATCKRMVEEEELQFHEEYMNERDPSILHFLLASGDDVSSKQLRDDLMTMLIAGHETSAAVLTWTFYLLTTEPSVVAKLQEEVDSVIGDRFPTIQDMKKLKYTTRVMNESLRLYPQPPVLIRRSIDNDILGEYPIKRGEDIFISVWNLHRSPLHWDDAEKFNPERWPLDGPNPNETNQNFSYLPFGGGPRKCIGDMFASFENVVAIAMLIRRFNFQIAPGAPPVKMTTGATIHTTEGLKLTVTKRTKPLDIPSVPILPMDTSRDEVSSALS
enz_68,MMSFTTSLPYPFHILLVFILSMASITLLGRILSRPTKTKDRSCQLPPGPPGWPILGNLPELFMTRPRSKYFRLAMKELKTDIACFNFAGIRAITINSDEIAREAFRERDADLADRPQLFIMETIGDNYKSMGISPYGEQFMKMKRVITTEIMSVKTLKMLEAARTIEADNLIAYVHSMYQRSETVDVRELSRVYGYAVTMRMLFGRRHVTKENVFSDDGRLGNAEKHHLEVIFNTLNCLPSFSPADYVERWLRGWNVDGQEKRVTENCNIVRSYNNPIIDERVQLWREEGGKAAVEDWLDTFITLKDQNGKYLVTPDEIKAQCVEFCIAAIDNPANNMEWTLGEMLKNPEILRKALKELDEVVGRDRLVQESDIPNLNYLKACCRETFRIHPSAHYVPSHLARQDTTLGGYFIPKGSHIHVCRPGLGRNPKIWKDPLVYKPERHLQGDGITKEVTLVETEMRFVSFSTGRRGCIGVKVGTIMMVMLLARFLQGFNWKLHQDFGPLSLEEDDASLLMAKPLHLSVEPRLAPNLYPKFRP
enz_69,MSGLRKTSIALMRRSTSSTTILPHSGGVGGAVSPPSSGVGVATEIEKSIAMQRLRTGESSNPKKLNVSQQPVTSVATTRTTASSLPAETTSSPAAAVRPYSEVPGPYPLPLIGNSWRFAPLIGTYKISDLDKVMNELHVNYGKMAKVGGLIGHPDLLFVFDGDEIRNIFKKEEAMPHRPSMPSLRHYKGDLRRDFFGDVAGLIGVHGPKWEAFRQEVQHILLQPQTAKKYIPPLNDIASEFMGRIELMRDEKDELPANFLHELYKWALESVGRVSLDTRLGCLSPEGSEEAQQIIEAINTFFWAVPELELRMPLWRIYPTKAYRSFVKALDQFTAICMKNIGKTMDKADADEARGLSKSEADISIVERIVRKTGNRKLAAILALDLFLVGVDTTSVAASSTIYQLAKNPDKQKKLFDELQKVFPHREADINQNVLEQMPYLRACVKETLRMRPVVIANGRSLQSDAVINGYHVPKGTHVIFPHLVVSNDPAYFPEPKRFLPERWLKQSTDAAGCPHANQKIHPFVSLPFGFGRRMCVGRRFAEIELHTLLAKIFRKYKVSYNSGEFVYRVNSTYIPQSPLNFKLTLRDE
enz_70,MLLIWLLLLTIVTLNFWLRHKYDYFRSRGIPHLPPSSWSPMGNLGQLLFLRISFGDLFRQLYADPRNGQAKIVGFFIFQTPALMVRDPELIRQVLIKNFNNFLNRFESADAGDPMGALTLPLAKYHHWKESRQCMSQLFTSGRMRDVMYSQMLDVASDLEQYLNRKLGDRLERVLPLGRMCQLYTTDVTGNLFYSLNVGGLRRGRSELITKTKELFNTNPRKVLDFMSVFFLPKWTGVLKPKVFTEDYARYMRHLVDDHHEPTKGDLINQLQHFQLSRSSNHYSQHPDFVASQAGIILLAGFETSSALMGFTLYELAKAPDIQERLRSELREAFISTATLSYDTLMTLPYLKMVCLEALRLYPAAAFVNRECTSSASEGFSLQPHVDFIVPPGMPAYISILGLHRDERFWPEPCVFDPERFGPERSRHIHPMTYIPFGAGPHGCIGSRLGVLQLKLGIVHILKQYWVETCERTVSEIRFNPKSFMLESENEIYLRFCRSSL
enz_71,MDYVLIVLPLALFLIAYKFLFSSKTQGFNLPPGPTPFPIVGHLHLVKPPVHRLFRRFAEKYGDIFSLRYGSRQVVVISSLPLVRESFTGQNDVILTNRPHFLTAKYVAYDYTTIGTAAYGDHWRNLRRICSLEILSSNRLTGFLSVRKDEIRRLLTKLSREYDGRVVELEPLLADLTFNNIVRMVTGRRYYGDQVHNKEEANLFKKLVTDINDNSGASHPGDYLPILKVFGHGYEKKVKALGEAMDAFLQRLLDECRINGESNTMVSHLLSLQLDQPKYYSDVIIKGLMLSMMLAGTDTAAVTLEWAMANLLKKPEVLKKAKAEIDEKIGEERLVDEPDIANLPYLQNIVSETFRLCPAAPLLVPRSPSEDLKIGGYDIPRGTIVLVNAWAIHRDPRLWDEPEKFMPERFEDQEASKKLMVFGNGRRTCPGATLGQRMVLLALGSLIQCFDWEKVNGEDVDMTENPGMAMRKLVQLRAVCHKRPIMTNLLA
enz_72,MESLVVHTVNAIWCIVIVGIFSVGYHVYGRAVVEQWRMRRSLKLQGVKGPPPSIFNGNVSEMQRIQSEAKHCSGDNIISHDYSSSLFPHFDHWRKQYGRIYTYSTGLKQHLYINHPEMVKELSQTNTLNLGRITHITKRLNPILGNGIITSNGPHWAHQRRIIAYEFTHDKIKGMVGLMVESAMPMLNKWEEMVKRGGEMGCDIRVDEDLKDVSADVIAKACFGSSFSKGKAIFSMIRDLLTAITKRSVLFRFNGFTDMVFGSKKHGDVDIDALEMELESSIWETVKEREIECKDTHKKDLMQLILEGAMRSCDGNLWDKSAYRRFVVDNCKSIYFAGHDSTAVSVSWCLMLLALNPSWQVKIRDEILSSCKNGIPDAESIPNLKTVTMVIQETMRLYPPAPIVGREASKDIRLGDLVVPKGVCIWTLIPALHRDPEIWGPDANDFKPERFSEGISKACKYPQSYIPFGLGPRTCVGKNFGMMEVKVLVSLIVSKFSFTLSPTYQHSPSHKLLVEPQHGVVIRVV
enz_73,MDISALFLTLFAGSLFLYFLRCLISQRRFGSSKLPLPPGTMGWPYVGETFQLYSQDPNVFFQSKQKRYGSVFKTHVLGCPCVMISSPEAAKFVLVTKSHLFKPTFPASKERMLGKQAIFFHQGDYHAKLRKLVLRAFMPESIRNMVPDIESIAQDSLRSWEGTMINTYQEMKTYTFNVALLSIFGKDEVLYREDLKRCYYILEKGYNSMPVNLPGTLFHKSMKARKELSQILARILSERRQNGSSHNDLLGSFMGDKEELTDEQIADNIIGVIFAARDTTASVMSWILKYLAENPNVLEAVTEEQMAIRKDKEEGESLTWGDTKKMPLTSRVIQETLRVASILSFTFREAVEDVEYEGYLIPKGWKVLPLFRNIHHSADIFSNPGKFDPSRFEVAPKPNTFMPFGNGTHSCPGNELAKLEMSIMIHHLTTKYSWSIVGASDGIQYGPFALPQNGLPIVLARKPEIEV
enz_74,MDTLASNSSDLTTKSSLGMSSFTNMYLLTTLQALAALCFLMILNKIKSSSRNKKLHPLPPGPTGFPIVGMIPAMLKNRPVFRWLHSLMKELNTEIACVRLGNTHVIPVTCPKIAREIFKQQDALFASRPLTYAQKILSNGYKTCVITPFGEQFKKMRKVIMTEIVCPARHRWLHDNRAEETDHLTAWLYNMVKNSEPVDLRFVTRHYCGNAIKRLMFGTRTFSEKTEADGGPTLEDIEHMDAMFEGLGFTFAFCISDYLPMLTGLDLNGHEKIMRESSAIMDKYHDPIIDERIKMWREGKRTQIEDFLDIFISIKDEAGQPLLTADEIKPTIKELVMAAPDNPSNAVEWAIAEMINKPEILHKAMEEIDRVVGKERFVQESDIPKLNYVKAIIREAFRLHPVAAFNLPHVALSDTTVAGYHIPKGSQVLLSRYGLGRNPKVWSDPLSFKPERHLNECSEVTLTENDLRFISFSTGKRGCAAPALGTAITTMMLARLLQGFKWKLAGSETRVELMESSHDMFLSKPLVLVGELRLSEDLYPMVK
enz_75,MCPVTTFLVLVLTLLVLVYVFLTWNFNYWRKRGIKTAPTWPFVGSFPSIFTRKRNIAYDIDDIYEKYKDTDNMVGVFTTRVPQLLVMCPEYIHKIYATDFRSFHNNEWRNFVNKKTDMILGNNPFVLTGDEWKERRSEIMPALSPNRVKAVYPVSQSVCKKFVEYIRRQQQMATSEGLDAMDLSLCYTTEVVSDCGLGVSAQSFTDTPTPLLKMIKRVFNTSFEFIFYSVVTNLWQKVRKFYSVPFFNKETEVFFLDIIRRCITLRLEKPEQQRDDFLNYMLQLQEKKGLHTDNILINTMTFILDGFETTALVLAHIMLMLGRNPEEQDKVRKEIGSADLTFDQMSELPHLDACIYETLRLFSPQVAARKLVTEPFEFANKNGRTVHLKPGDVVTIPVKALHHDPQYYEDPLTFKPERFLESNGGGMKSYRDRGVYLAFGDGPRHCPGMRFALTQLKAALVEILRNFEIKVNPKTRSDNQIDDTFFMATLKGGIYLDFKDL
enz_76,MEITTIIFLIISSLTFSIFLKLIFFFSTHKLPPGPPRFPVIGNIIWLKKNNFSDFQGVLRDLASRHGPIITLHVGSKPSIWVTDRSLAHQALVQNGAVFSDRSLALPTTKVITSNQHDIHSSVYGSLWRTLRRNLTSEILQPSRVKAHAPSRKWSLEILVDLFETEQREKGHISDALDHLRHAMFYLLALMCFGEKLRKEEIREIEEAQYQMLISYTKFSVLNIFPSVTKFLLRRKWKEFLELRKSQESVILRYVNARSKETTGDVLCYVDTLLNLEIPTEEKEGGKKRKLSDSEIVSLCSEFLNAATDPTATSMQWIMAIMVKYPEIQRKVYEEMKTVFAGEEEEREEIREEDLGKLSYLKAVILECLRRHPPGHYLSYHKVTHDTVLGGFLIPRQGTINFMVGEMGRDPKIWEDPLTFKPERFLENGEACDFDMTGTREIKMMPFGAGRRMCPGYALSLLHLEYYVANLVWKFEWKCVEGEEVDLSEKQQFITMVMKNPFKANIYPRRK
enz_77,MATSSSAWLMFSDHYPEILIAIACFLIFSLLLSARSSSEDSLPYNWPIFGMLPAIISNNQFNDFTTARLRKMGWTFIFKGPWLLDMDYIFTCDPSNINHMFNDNFENYPKGELGKVFDIFGNNIFNADGDLWHDHRKMAQTILWDGNYRTMQATFIRNKMDNALIPILDSAACKRKPVDLQDVLLRFTFDTSCFSVLAADPESLTMEFPPVPFSKAADQALDAALTRHITPRLIWKLKRFFNVGSERTLAVAWKVIDSYIYDKIAELKAKRKLVGKINSYDAVSFYMDNFNIHDDKFLRDNAFTYLLAQRNTQSLTMTWLFYALFENPKVELKILSELKSIVDESSERKFNDGFTLFDSNMIQSAIYLHAALCEALRIYPPVPFEIKDAHKADVLPSGHKVRAGEKILFSPYAMARMKGIWGDDCLEFKPERWITGNGTLKHEPAYKFFAFSAGPRICLGKELSFTQMKMVVATIIYNFHLQMVKGHVVEQSNSILMDMKHGLMVQVRKRSVM
enz_78,MLTLQIFEAFAIILCVYFLWSRRRFYIMMLKLPGPMGFPFIGLAFEYIRLKRKIRLRTILFKIYGKTVLTWIGLTPVLVTCEPKILEDIFTSPNCSNRSSVVDKAISSCLGLGLLTLKNNHWNERRKLLLPSFKNNAVLSFVPVLNNEANFLVTLLAEFVDGGDINLLPELNKWSFKIAAQITMGDEVRNQANYQNGNLLESYKALNNLIPIGVVMPWLRNKYLGKLFSYEKRRLEAATQSNAFIKDIIDKKLSSTDNSSEPALIDRILNLVRIGELSYDDVMGEFSNIIFAASDTLSITVNNVLILMAMFPKYQDNVFEELAEVFPSGGEFEASHADLEKLVKLDRVLHETMRLIPAVPLLIRQTSHSIQLSNGFYIPEGVTLMIDIFHTHRNKDIWGPQANAFNPDNFLPENKRARPPYSYLPFSKGKKTCLGWKLSLISAKLALAKILRNYMLSTTFLYKDLRFIDNTTMKLAEQPLLAVKRRI
enz_79,MWIIFLIIGLLVLGLLVLLIIAARYQRDYWRYLDIPHERPKKLWPIIRQIMTQTLSTEAMKAEHYSAIYKKFKGSGPFCGFYALLQPRALILDRELIRQIMIKDFWNFNDRGLYCNQKSDPLSGDLYALRGESWKEMRQKLDPSLEGDRMSLLYDCLYEEAEQLLLTVNSTLMSQPHSTVHIQKIMRRYVLSSLAKCVFGLNAEQRKTYPLEDFEQMTELALNSHKHGYLMNLMMIRFPNFCRMLRMRRTPKQAEEYFIKLLTSIVEQRETSGKPQKDYLQLLIDVKALEFITYQYEADKELGAHLQNELAAHADVFLKAGYEQTANTLSYVLYELALHPELQVRVREEVKKAIERHDGHITHEGIKSLSFMGQVINETLRMHPITPYILRRTLNDYAVPDHPKYILVKELFLIIPTHAIHHDPDIYPDPEEFKPDRWSGPRDSLQEQGTWFGFGVGARSCIGIQFAQLQLRLALALLLSEYEFSLNTRKPLINLEDGIALTLMPLGVIEPGNEERAV
enz_80,MLLLALIVVILSLLVFAARRRHGYWQRRGIPHDEVHPLFGNIKDWPNKRHIAEIFRDYYFKYKNSDYPFAGFFFFFTRTAVVTDMELLKRVLIKDFNHFENRGVFYNEIDDPLSATLFSIEGQKWRHLRHKLTPTFTSGKMKNMFPIVVKVGEEMDKVFRSKTAADRGQVLEVVDLVARYTADVIGNCAFGLNCNSLYDPKAEFVSIGKRAITEHRYGNMLDIFLFGFPKLSRRLRLKLNIQEAEDFYTKIVRETIDYRLRTKEKRNDFMDSLIEMYKNEQSGNSEDGLTFNELLAQAFIFFVAGFETSSTTMGFALYELARNQDVQDKLREEIGNVFGKHNKEFTYEGIKEMKYLEQVVMETLRKYPVLAHLTRMTDTDFSPEDPKYFIAKGTIVVIPALGIHYDPDIYPEPEIFKPERFTDEEIAARPSCTWLPFGEGPRNCIGLRFGMMQTCVGLAYLIRGYKFSVSPETQIPMKIVVKNILISAENGIHLKVEKLAK
enz_81,MLAALIYTILAILLSVLATSYICIIYGVKRRVLQPVKTKNSTEINHNAYQKYTQAPGPRPWPIIGNLHLLDRYRDSPFAGFTALAQQYGDIYSLTFGHTRCLVVNNLELIREVLNQNGKVMSGRPDFIRYHKLFGGERSNSLALCDWSQLQQKRRNLARRHCSPREFSCFYMKMSQIGCEEMEHWNRELGNQLVPGEPINIKPLILKACANMFSQYMCSLRFDYDDVDFQQIVQYFDEIFWEINQGHPLDFLPWLYPFYQRHLNKIINWSSTIRGFIMERIIRHRELSVDLDEPDRDFTDALLKSLLEDKDVSRNTIIFMLEDFIGGHSAVGNLVMLVLAYIAKNVDIGRRIQEEIDAIIEEENRSINLLDMNAMPYTMATIFEVLRYSSSPIVPHVATEDTVISGYGVTKGTIVFINNYVLNTSEKFWVNPKEFNPLRFLEPSKEQSPKNSKGSDSGIESDNEKLQLKRNIPHFLPFSIGKRTCIGQNLVRGFGFLVVVNVMQRYNISSHNPSTIKISPESLALPADCFPLVLTPREKIGPL
enz_82,MALWPLLLITLTIWILVRKWTLLRLGSSLPGPWAFPLLGNAQMVGKLRPEYIFLVFTELRDRFGATYRLRLGPQLWVFLHSAEETRQALHDPTLRKADTFMQLEPLIGNGLLISHGAHWTRQRRLLTPAFQPQLLRSFAPAIGGHVERLVGRLGATRGAFLEVTEPLFACLLDAIVDTSMGAQLDTQSVDHSPIIQAFHLSSKLLFKRMINPLLSSDWIFQRTQLWRDLDEQLQVIHSQMESVIEKRAKELLDMGEPAGRAHNLLDTLLLAKFEGQSLSRREIRDEINTFVFAGVDTTTAAMSFVLYALAKFPETQTRLRKELQDVALDETTDLDALNGLPYLEALIKEVLRLYTIVPTTGRQTTQSTEIGGRTYCAGVTLWINMYGLAHDKEYYPDPYAFKPERWLPEDGAVAPPAFSYIPFSGGPHVCIGRRYSLLLMKLLTARLVREFQMELSPEQAPLRLEAQMVLKAQQGINVSFLKQ
enz_83,MWILLGIAVLIMTLVWDNSRKQWRVNTFEKSRILGPFTIPIVGNGLQALTLRPENFIQRFGDYFNKYGKTFRLWILGECLIYTKDLKYFESILSSSTLLKKAHLYRFLRDFLGDGLLLSTGNKWTSRRKVLAPAFHFKCLENFVEIMDRNSGIMVEKLKNYADGKTCVDLFKFVSLEALDVTTETAMGVQVNAQNEPNFPYTKALKSVVYIESKRLASVSMRYNWLFPLAAPLVYRRLQKDIAIMQDFTDKVIRERRAILERARADGTYKPLIMGDDDIGGKAKMTLLDILLQATIDNKPLSDVDIREEVDVFIFAGDDTTTSGVSHALHAISRHPKVQECIYEELVSVLGPDPDASVTQTKLLELKYLDCVIKETMRLHPPVPILGRYIPEDLKIGEITIPGNTSILLMPYYVYRDPEYFPDPLVFKPERWMDMKTTSNTPPLAYIPFSSGPKNCIGQKFANLQMKALISKVIRHYELLPLGADLKATYTFILSSSTGNNVGLKPRTRVK
enz_84,MGAMMVMMGLLLIIVSLCSALLRWNQMRYTKNGLPPGTMGWPIFGETTEFLKQGPNFMRNQRLRYGSFFKSHLLGCPTLISMDSEVNRYILKNESKGLVPGYPQSMLDILGTCNMAAVHGSSHRLMRGSLLSLISSTMMRDHILPKVDHFMRSYLDQWNELEVIDIQDKTKHMAFLSSLTQIAGNLRKPFVEEFKTAFFKLVVGTLSVPIDLPGTNYRCGIQARNNIDRLLRELMQERRDSGETFTDMLGYLMKKEGNRYPLTDEEIRDQVVTILYSGYETVSTTSMMALKYLHDHPKALQELRAEHLAFRERKRQDEPLGLEDVKSMKFTRAVIYETSRLATIVNGVLRKTTRDLEINGYLIPKGWRIYVYTREINYDANLYEDPLIFNPWRWMKKSLESQNSCFVFGGGTRLCPGKELGIVEISSFLHYFVTRYRWEEIGGDELMVFPRVFAPKGFHLRISPY
enz_85,MELISTINLLTIVLLLFVVSKIWKACWILLLRPLMLSKRFKKQGISGPKYKILYGNLSEIKKMKKEADLCVLDPNSNDIFPRVFPQYHQWMSQYGDTFLFWTGTKPTIYISNHELAKQVLSSKFGFTIIPVKRPEVFILFGKGLSFIQGDDWIRHRRILNPAFSMDRLKAMTQPMGDCTLRIFEEWRKQRRNGEVLIKIEISKEFHKLTADIIATTAFGSSYAEGIELCRSQTELEKYYISSLTNVFIPGTQYLPTPTNLKLWELHKKVKNSIKRIIDSRLKSKCKTYGYGDDLLGVMLTAAKSNEYERKMRMDEIIEECKNFYYAGQGTTSILLTWTTMLLSLHQGWQEKLREEVFNECGKDKIPDTDTFSKLKLMNMVLMESLRLYGPVIKISREATQDMKVGHLEIPKGTSIIIPLLKMHRDKAIWGEDAEQFNPLRFENGISQATIHPNALLPFSIGPRACIAKNFAMVEAKTVLTMILQQFQLSLSPEYKHTPVDHFDLFPQYGLPVMLHPLG
enz_86,MGILSYLCYSLFYLSIFFIIRLLFQSRKFKNLPPGPTSLPIIGNLHHLKRPLNRTFKALTEKYGNVISLWFGSRLVVVVSSLSEFQECFTKNDVVLANRPRFLSGKYIFYNYTTLGSTSYGEHWRNLRRITSLDVLSNHRINNFAPIRRDETQRLIKKLAEDSSTKFAEVELTFRFFDMTFNNIMRMISGKRYYGDDCDISEVQEASQFRDMVSELLQLSGANNKTDFMPLLKFLDFENLEKRVKRIGEKNDVFLSGLLQEQRSKKERTNTMIDHLLNMQESQPEYYTDTIIKGLCLAMLLAGTDSSAVTLEWTMSNILNYPEVLKKVRDEVDTHVGQDRLVDESDLPKLTYLRNVIYETLRLYTPAPLLLPHSTADECIMGGYKVPRDTIVLINAWAIHRDPETWSEATTFKPERFDKKGELEKMIAFGMGRRACPGEGLALRAISMTLALLVQCFDWKRINDEKIDMSERDGFTMTKLLPLKAMCKTRPVVNKVFK
enz_87,MLWEFFALFAIAAALFYRWASANNDFFKDRGIAYEKPVLYFGNMAGMFLRKRAMFDIVCDLYTKGGSKKFFGIFEQRQPLLMVRDPDLIKQITIKDFDHFINHRNVFATSSDDDPHDMSNLFGSSLFSMRDARWKDMRSTLSPAFTGSKMRQMFQLMNQVAKEAVDCLKQDDSRVQENELDMKDYCTRFTNDVIASTAFGLQVNSFKDRENTFYQMGKKLTTFTFLQSMKFMLFFALKGLNKILKVELFDRKSTQYFVRLVLDAMKYRQEHNIVRPDMINMLMEARGIIQTEKTKASAVREWSDRDIVAQCFVFFFAGFETSAVLMCFTAHELMENQDVQQRLYEEVQQVDQDLEGKELTYEAIMGMKYLDQVVNEVLRKWPAAIAVDRECNKDITFDVDGQKVEVKKGDVIWLPTCGFHRDPKYFENPMKFDPERFSDENKESIQPFTYFPFGLGQRNCIGSRFALLEAKAVIYYLLKDYRFAPAKKSCIPLELITSGFQLSPKGGFWIKLVQRN
enz_88,MDAIVVDSQNCFIIILLCSFSLISYFVFFKKPKVNFDLLPSPPSLPIIGHLHLLLSTLIHKSLQKLSSKYGPLLHLRIFNIPFILVSSDSLAYEIFRDHDVNVSSRGVGAIDESLAFGSSGFIQAPYGDYWKFMKKLIATKLLGPQPLVRSQDFRSEELERFYKRLFDKAMKKESVMIHKEASRFVNNSLYKMCTGRSFSVENNEVERIMELTADLGALSQKFFVSKMFRKLLEKLGISLFKTEIMVVSRRFSELVERILIEYEEKMDGHQGTQFMDALLAAYRDENTEYKITRSHIKSLLTEFFIGAADASSIAIQWAMADIINNREILEKLREEIDSVVGKTRLVQETDLPNLPYLQAVVKEGLRLHPPTPLVVREFQEGCEIGGFFVPKNTTLIVNSYAMMRDPDSWQDPDEFKPERFLASLSREEDKKEKILNFLPFGSGRRMCPGSNLGYIFVGTAIGMMVQCFDWEINGDKINMEEATGGFLITMAHPLTCTPIPLPRTQNSLISHL
enz_89,MNFNSSYNLTFNDVFFSSSSSSDPLVSRRLFLLRDVQILELLIAIFVFVAIHALRQKKYQGLPVWPFLGMLPSLAFGLRGNIYEWLSDVLCLQNGTFQFRGPWFSSLNSTITCDPRNVEHLLKNRFSVFPKGSYFRDNLRDLLGDGIFNADDETWQRQRKTASIEFHSAKFRQLTTQSLFELVHKRLLPVLETSVKSSSPIDLQDVLLRLTFDNVCMIAFGVDPGCLGPDQPVIPFAKAFEDATEAAVVRFVMPTCVWKFMRYLDIGTEKKLKESIKGVDDFADEVIRTRKKELSLEGETTKRSDLLTVFMGLRDEKGESFSDKFLRDICVNFILAGRDTSSVALSWFFWLLEKNPEVEEKIMVEMCKILRQRDDHGNAEKSDYEPVFGPEEIKKMDYLQAALSEALRLYPSVPVDHKEVQEDDVFPDGTMLKKGDKVIYAIYAMGRMEAIWGKDCLEFRPERWLRDGRFMSESAYKFTAFNGGPRLCLGKDFAYYQMKSTAAAIVYRYKVKVVNGHKVEPKLALTMYMKHGLMVNLINRSVSEIDQYYAKSFDEGYIN
enz_90,MSVFLCFLVLLPLILIFLNVLKPSKYKLPPGPKKLPIIGNLHQRRTLHPRNRRNLAEMYGPVALLQYGFVPVVAISSKEAAEEVLKINDLECCSRPEAAGMRATFYNFKDIGMAPFGDEWSLMRKLSVVELFSVKKLQSFKYIIEEENNLCVKKLSEFATRQSPVNLERAIFTLVGNIVCRIGYGINLYECDFFEADRVVDLVLKAEAVIRETVFSDFFPGRIGRFIDCISGQNRRLKNNFSVVDTFFQNVLNEHLKPGRESSTIVDLMIDMKKKQENDGDALKFTTDHLKGMISDIFVAGIGGVAGITLWGMTELIRNPRVMKKVQDEIRTTLGDKKERIKEEDLNQLHYFKLVVKETLRLHPTTPLLLPRQTMSHIKIQGYDVPAKTQILVNVYAMGRDPKLWENADEFNPDRFLDSSVDFKGKNYEFIPFGSGRRICPGMTMGTILVEMALLNLLYFFDWGLAKQEEAKEIINGEENFLAFFQVLHH
enz_91,MAFFSMISILLGFVISSFIFIFFFKKLLSFSRKNMSEVSTLPSVPVVPGFPVIGNLLQLKEKKPHKTFTRWSEIYGPIYSIKMGSSSLIVLNSTETAKEAMVTRFSSISTRKLSNALTVLTCDKSMVATSDYDDFHKLVKRCLLNGLLGANAQKRKRHYRDALIENVSSKLHAHARDHPQEPVNFRAIFEHELFGVALKQAFGKDVESIYVKELGVTLSKDEIFKVLVHDMMEGAIDVDWRDFFPYLKWIPNKSFEARIQQKHKRRLAVMNALIQDRLKQNGSESDDDCYLNFLMSEAKTLTKEQIAILVWETIIETADTTLVTTEWAIYELAKHPSVQDRLCKEIQNVCGGEKFKEEQLSQVPYLNGVFHETLRKYSPAPLVPIRYAHEDTQIGGYHVPAGSEIAINIYGCNMDKKRWERPEDWWPERFLDDGKYETSDLHKTMAFGAGKRVCAGALQASLMAGIAIGRLVQEFEWKLRDGEEENVDTYGLTSQKLYPLMAIINPRRS
enz_92,MSPEAYVLFFNSFNLVTFEAFASVSLIIATVAFLLSPGGLAWAWTGSSKSRVSIPGPSGSLSVFSGSNPHRVLAALAKRFKASPLMAFSVGFSRFVISSEPETAKEILSSSAFADRPVKESAYELLFHRAMGFAPYGEYWRNLRRISSTHLFSPRRIASFEGVRVGIGMKMVKKIKSLVTSDACGEVEVKKIVHFGSLNNVMTTVFGESYDFDEVNGKGCFLERLVSEGYELLGIFNWSDHFWFLRWFDFQGVRKRCRALVSEVNTFVGGIIEKHKMKKGNNLNGEENDFVDVLLGLQKDEKLSDSDMIAVLWEMIFRGTDTVAILVEWVLARMVLHQDIQDKLYREIASATSNNIRSLSDSDIPKLPYLQAIVKETLRLHPPGPLLSWARLAIHDVHVGPNLVPAGTIAMVNMWSITHNAKIWTDPEAFMPERFISEDVSIMGSDLRLAPFGSGRRVCPGKAMGLATVHLWIGQLIQNFEWVKGSCDVELAEVLKLSMEMKNPLKCKAVPRNVGFA
enz_93,MESSLFSPSSSSYSSLFTAKPTRLLSPKPKFTFSIRSSIEKPKPKLETNSSKSQSWVSPDWLTTLTRTLSSGKNDESGIPIANAKLDDVADLLGGALFLPLYKWMNEYGPIYRLAAGPRNFVIVSDPAIAKHVLRNYPKYAKGLVAEVSEFLFGSGFAIAEGPLWTARRRAVVPSLHRRYLSVIVERVFCKCAERLVEKLQPYAEDGSAVNMEAKFSQMTLDVIGLSLFNYNFDSLTTDSPVIEAVYTALKEAELRSTDLLPYWKIDALCKIVPRQVKAEKAVTLIRETVEDLIAKCKEIVEREGERINDEEYVNDADPSILRFLLASREEVSSVQLRDDLLSMLVAGHETTGSVLTWTLYLLSKNSSALRKAQEEVDRVLEGRNPAFEDIKELKYITRCINESMRLYPHPPVLIRRAQVPDILPGNYKVNTGQDIMISVYNIHRSSEVWEKAEEFLPERFDIDGAIPNETNTDFKFIPFSGGPRKCVGDQFALMEAIVALAVFLQRLNVELVPDQTISMTTGATIHTTNGLYMKVSQR
enz_94,MTFLFSTLQLSLFSLALVIFGYIFLRKQLSRCEVDSSTIPEPLGALPLFGHLHLLRGKKLLCKKLAAMSQKHGPIFSLKLGFYRLVVASDPKTVKDCFTTNDLATATRPNIAFGRYVGYNNASLTLAPYGDYWRELRKIVTVHLFSNHSIEMLGHIRSSEVNTLIKHLYKGNGGTSIVKIDMLFEFLTFNIILRKMVGKRIGFGEVNSDEWRYKEALKHCEYLAVIPMIGDVIPWLGWLDFAKNSQMKRLFKELDSVNTKWLHEHLKKRSRNEKDQERTIMDLLLDILPEDIVISGHVRDVIVKATILALTLTGSDSTSITLTWAVSLLLNNPAALEAAQEEIDNSVGKGRWIEESDIQNLKYLQAIVKETHRLYPPAPLTGIREAREDCFVGGYRVEKGTRLLVNIWKLHRDPKIWPDPKTFKPERFMEDKSQCEKSNFEYIPFGSGRRSCPGVNLGLRVVHFVLARLLQGFELHKVSDEPLDMAEGPGLALPKINPVEVVVMPRLDPKLYSLL
enz_95,MFYYVIVLPLALFLLAYKLFFTSKTKRFNLPPSPPYSLPILGHHNLLKPPVHRLFHRLSKTHGPIFSLQFGSRRAVVISSSSLATQCFTGQNDIILSNRPCFLTAKYVAYNYTTVGTAPYGDHWRNLRRICSLEILSSNRLTNFLHIRKDEIHRMLTRLSRDVNKEIELEPLLSDLTFNNIVRMVTGKRYYGDEVHNEEEANVFKKLVADINDCSGARHPGDYLPFMKMFGGSFEKKVKALAEAMDEILQRLLEECKRDKDGNTMVNHLLSLQQNEPEYYTDVTIKGLMLGMMIAGTDTSAVTLEWAMSSLLNHPEALEKAKLEIDEKIGQERLIDEPDIANLPYLQNIVSETFRLYPAAPLLVPRSPTEDIKVGGYDVPRGTMVMVNAWAIHRDPELWNEPEKFKPERFNGGEGGGRGEDVHKLMPFGNGRRSCPGAGLGQKIVTLALGSLIQCFDWQKVNGEAIDMTETPGMAMRKKIPLSALCQSRPIMSKLQAHLKG
enz_96,MDYVLIVLPLALFLIAYKFLFSSKTQGFNLPPGPTPFPIVGHLHLVKPPVHRLFRRFAEKYGDIFSLRYGSRQVVVISSLPLVRESFTGQNDVILTNRPHFLTAKYVAYDYTTIGTAAYGDHWRNLRRICSLEILSSNRLTGFLSVRKDEIRRLLTKLSREYDGRVVELEPLLADLTFNNIVRMVTGRRYYGDQVHNKEEANLFKKLVTDINDNSGASHPGDYLPILKVFGHGYEKKVKALGEAMDAFLQRLLDECRINGESNTMVSHLLSLQLDQPKYYSDVIIKGLMLSMMLAGTDTAAVTLEWAMANLLKKPEVLKKAKAEIDEKIGEERLVDEPDIANLPYLQNIVSETFRLCPAAPLLVPRSPSEDLKIGGYDIPRGTIVLVNAWAIHRDPRLWDEPEKFMPERFEDQEASKKLMVFGNGRRTCPGATLGQRMVLLALGSLIQCFDWEKVNGEDVDMTENPGMAMRKLVQLRAVCHKRPIMTNLLA
enz_97,MLFTIALVGVVLGLAYSLHIKIFSYWKRKGVPHETPLPIVGNMRGIVKKYHFRDINQRIYKKFKGQGPIAGMYMFFKRTALITDLDFIKQVMIKDFSYFQDRGAFTNPRDDPLTGHLFALEGEEWRAMRHKLTPVFTSGKIKQMSKVIVDVGLRLGDAMDKAVKEAKVEEGNVEIKDLCARFTTDVIGSCAFGLECNSLQDPSAEFRQKGREIFTRRRHSTLVQSFIFTNARLARKLRIKVLPDDLTQFFMSTVKNTVDYRLKNGIKRNDFIEQMIELRAEDQEAAKKGQGIDLSHGLTLEQMAAQAFVFFVAGFETSSSTMSLCLYELALQPDIQQRLREEIESVLANVDGGELNYDVLAQMTYLDQVLSETLRKHPLLPHLIRETTKDYQIPNSDIVLDKGILALIPVHNIHHDPEIYPEPEKFDPSRFDPEEVKNRHPMAYLPFGDGPRNCIGLRFGKIQAKIGLVSLLRRFKFSVSNRTDVPLIFSKKSFLLTTNDGIYLKVERV
enz_98,MMMKISFNTCFQILLGFIVFIASITLLGRIFSRPSKTKDRCRQLPPGRPGWPILGNLPELIMTRPRSKYFHLAMKELKTDIACFNFAGTHTITINSDEIAREAFRERDADLADRPQLSIVESIGDNYKTMGTSSYGEHFMKMKKVITTEIMSVKTLNMLEAARTIEADNLIAYIHSMYQRSETVDVRELSRVYGYAVTMRMLFGRRHVTKENMFSDDGRLGKAEKHHLEVIFNTLNCLPGFSPVDYVDRWLGGWNIDGEEERAKVNVNLVRSYNNPIIDERVEIWREKGGKAAVEDWLDTFITLKDQNGNYLVTPDEIKAQCVEFCIAAIDNPANNMEWTLGEMLKNPEILRKALKELDEVVGKDRLVQESDIRNLNYLKACCRETFRIHPSAHYVPPHVARQDTTLGGYFIPKGSHIHVCRPGLGRNPKIWKDPLAYEPERHLQGDGITKEVTLVETEMRFVSFSTGRRGCVGVKVGTIMMAMMLARFLQGFNWKLHRDFGPLSLEEDDASLLMAKPLLLSVEPRLASNLYPKFRP
enz_99,MFTLVGLCLTIVHVAFAVVYFYLTWYHKYWDKRGVVTAEPLTILGSYPGILINKSRSLILDVQDVYNKYKDKYRTVGTFITRQPQLLVLDPALAHEILVDKFSHFRDTITSSFVGHNPDDKYVAGSPFFSAGDKWKRLRSENVGGLTPSRLKMAYSIWEQSGRKLVEYIERARREQGDIIETRDLAYRFTANAMADFIWGIDAGSLSGKVGEIGDFQKTSTDWSAHAFSSMIRFNKTLVAIFVRKLFSMRFFTKATDEFFLRLTQDAVNLRQGGSGEGRTDYLSHLIQLQQRGNSIHDSVGHALTVHLDGFETSGAVLYHMLYSLSEHHEEQEKLRSEILEALASEGQISYDQINNLPYLDQCFNESLRLTTPIGFFMRICTKPTQINLGDDKTLDLEPGVTVMVPAYQYHHDNDIYPEASEFRPDRFENGAASVLTKRGCFLPFGDGPRICLGMRVGQLSVKTAIVHILSNYQVEQMKKVPLGADSGMGIFLNGDVELKYTKLQK
